Desempregados,Empregados,Pensionistas,Analfabetos,1Ciclo,2Ciclo,3Ciclo,EnsinoSec,EnsinoPosSec,CursoSup,M
0,0,0,0,0,0,0,0,0,0,0
3,21,18,2,15,6,10,10,0,4,1
0,14,17,2,13,1,3,3,0,9,1
0,2,2,0,2,1,0,0,0,1,0
1,15,19,1,19,2,6,4,0,4,1
1,9,12,0,8,6,2,7,1,2,0
5,15,13,2,15,12,6,2,2,0,1
0,3,5,29,2,0,2,1,0,6,0
3,4,0,0,4,3,1,1,0,3,0
2,27,16,2,15,5,15,16,0,9,0
0,6,7,0,1,1,1,5,0,10,0
1,2,4,0,2,1,1,1,0,5,1
0,8,30,5,24,3,2,2,1,0,1
2,14,31,5,28,4,8,3,0,2,1
0,0,3,0,0,1,0,0,0,1,1
0,0,0,0,0,0,0,0,0,0,0
9,47,36,2,37,7,19,18,1,19,1
48,125,124,41,173,62,57,31,1,2,1
28,70,59,25,98,24,27,14,1,3,0
0,0,0,0,0,0,0,0,0,0,0
1,16,14,3,11,3,9,4,0,5,0
2,10,14,2,11,3,5,6,0,6,1
0,4,10,4,6,0,2,4,0,0,1
12,56,45,4,60,21,33,12,0,6,1
4,23,26,5,22,7,10,8,1,8,1
1,10,5,0,7,5,5,2,0,2,1
1,25,14,3,17,9,13,5,0,2,0
0,15,18,4,13,3,6,5,0,7,1
4,16,19,1,21,9,12,4,0,0,0
2,20,25,1,27,5,16,7,0,1,1
2,16,24,1,20,4,9,4,0,5,0
3,15,18,5,11,4,11,10,1,4,1
25,33,12,44,49,13,9,2,0,0,1
1,8,10,0,9,2,4,3,0,4,0
61,96,55,33,100,45,46,19,1,5,0
1,9,6,0,10,2,2,2,0,0,1
9,34,42,9,33,18,19,11,1,5,1
8,25,14,2,14,8,13,8,1,6,1
4,41,35,5,34,11,13,19,2,7,1
3,16,13,1,12,4,7,6,0,4,1
2,22,20,2,16,6,8,9,1,12,1
8,55,25,6,21,17,16,20,1,17,1
3,27,21,2,14,10,13,12,3,10,1
0,19,17,1,14,3,7,7,0,8,0
2,14,10,0,11,5,2,6,1,6,1
10,91,45,0,15,15,21,22,4,100,1
0,0,0,0,0,0,0,0,0,0,0
7,53,44,10,57,22,25,11,1,4,1
2,6,2,0,0,1,2,2,1,5,1
0,15,9,1,1,5,6,0,0,17,0
1,11,10,0,4,4,3,3,2,8,1
1,13,9,0,10,2,12,4,0,3,1
0,0,0,0,0,0,0,0,0,0,0
2,5,6,1,3,2,3,2,0,3,0
1,8,3,0,2,3,3,7,0,2,0
1,7,9,0,5,2,4,4,0,4,1
0,11,5,0,3,1,6,5,0,3,0
1,4,5,1,5,2,6,3,0,1,0
1,6,7,0,2,3,2,5,0,5,0
1,5,11,0,6,1,3,2,0,3,1
2,7,4,0,1,0,3,6,0,10,1
0,4,3,0,5,1,0,0,0,4,1
1,3,7,0,2,3,1,4,1,3,1
0,4,2,0,2,1,2,1,0,2,1
0,5,0,0,1,2,3,0,0,1,0
1,8,10,0,5,2,1,3,0,7,0
0,0,1,0,0,0,0,1,0,0,0
0,7,7,0,2,0,4,3,0,5,1
1,12,6,0,3,2,3,2,1,9,1
26,89,89,24,107,38,40,29,0,23,1
44,148,135,49,189,70,80,31,1,7,1
12,23,7,5,19,17,8,3,1,2,1
7,27,67,10,46,10,10,7,0,6,1
8,57,49,1,53,17,22,20,1,20,1
3,20,12,3,13,8,11,4,1,5,0
4,12,37,3,21,11,10,8,0,5,0
14,69,101,27,80,36,34,19,0,2,1
3,23,15,2,25,16,12,4,0,1,1
5,16,18,2,17,12,7,3,0,3,1
10,55,65,19,74,22,32,11,1,0,1
27,52,29,16,49,34,28,21,1,1,0
0,0,0,0,0,0,0,0,0,0,0
18,36,30,2,35,16,24,11,0,6,1
2,5,5,1,6,1,1,3,1,1,0
9,53,30,7,36,14,26,13,1,17,1
0,0,3,0,3,0,0,1,0,0,0
2,12,10,1,8,4,5,5,1,7,1
0,7,5,1,1,2,1,6,0,2,1
3,4,6,0,7,0,1,5,1,2,0
6,16,25,3,24,13,15,5,0,0,1
1,8,1,0,1,0,1,8,0,3,1
0,0,2,0,0,0,1,1,0,0,0
4,11,7,1,13,1,3,5,1,3,1
1,2,1,0,1,0,1,1,1,0,0
0,0,2,0,8,9,5,0,0,0,0
10,30,35,5,32,12,16,15,0,6,1
16,42,31,6,40,12,18,19,0,6,1
3,37,6,1,5,6,16,9,2,12,1
6,31,25,1,15,5,21,21,0,15,1
7,16,13,1,25,10,4,2,1,3,1
13,55,44,7,57,18,25,19,1,3,1
11,36,18,17,28,16,18,14,1,19,0
0,0,0,0,0,0,0,0,0,0,0
5,29,22,0,15,4,12,14,0,17,1
2,8,9,2,8,2,2,2,0,4,1
2,19,26,1,24,7,6,9,0,2,1
0,3,6,2,4,0,2,0,0,0,1
0,2,5,0,2,0,0,3,0,2,0
12,111,116,3,70,35,51,46,2,64,1
6,91,111,3,68,20,41,59,2,38,1
24,172,161,8,113,42,82,78,7,68,1
12,71,68,1,44,20,25,40,1,42,1
1,4,4,0,2,0,2,2,0,1,1
13,26,55,8,47,21,16,12,0,4,1
1,24,9,0,4,6,7,10,1,10,0
5,43,14,2,17,8,13,15,2,13,1
7,25,35,3,20,11,17,7,0,16,1
28,204,154,6,97,27,80,106,6,120,1
14,106,63,11,60,35,31,30,4,33,1
3,4,7,0,5,4,2,2,0,0,0
8,42,55,2,30,13,28,21,4,26,1
2,11,4,0,3,2,2,2,2,6,0
2,30,20,2,19,10,15,13,1,3,1
2,7,6,1,3,3,3,2,0,3,1
1,7,13,0,10,3,0,3,1,4,1
0,9,11,2,9,4,4,1,2,1,1
1,7,5,2,6,2,4,3,0,1,1
2,37,16,0,19,12,11,9,0,14,1
1,19,27,6,24,9,7,4,0,3,1
0,18,30,5,20,7,6,3,1,8,1
3,26,11,1,9,4,5,10,0,18,1
24,182,243,7,147,57,92,92,4,101,1
46,197,203,16,152,66,107,73,1,52,1
6,24,48,3,28,17,11,7,1,14,1
3,42,50,6,36,7,19,21,0,19,1
4,38,51,1,35,9,15,16,0,24,1
1,38,16,4,15,6,24,5,1,9,1
2,11,8,0,10,0,2,5,0,6,1
10,48,57,4,47,21,30,25,3,18,1
7,29,17,0,12,6,18,13,1,12,0
6,58,50,4,29,15,32,24,0,20,0
1,10,6,1,5,1,2,3,0,3,0
4,19,17,1,17,8,9,8,0,4,0
3,6,5,0,6,7,5,0,0,0,1
8,75,57,4,35,9,27,22,1,56,1
15,147,78,9,70,20,40,46,5,84,1
22,145,124,5,87,46,69,66,1,55,1
5,30,22,0,10,5,16,9,1,24,1
3,41,26,2,18,6,10,11,1,24,0
0,9,4,0,3,1,1,3,1,5,1
2,15,15,1,9,8,9,3,0,8,1
0,5,6,0,4,0,2,1,0,3,1
19,100,64,5,60,12,33,33,0,63,1
0,7,5,0,1,2,1,4,0,5,1
0,0,0,0,0,0,0,0,0,0,0
2,9,9,1,7,3,2,2,2,4,0
4,13,19,1,18,5,7,4,0,2,1
2,51,60,0,38,16,17,22,2,19,1
4,11,20,0,16,4,7,4,0,9,1
1,6,4,1,0,2,1,3,0,2,1
8,33,48,1,33,17,21,15,0,9,1
26,151,171,15,124,45,60,52,8,69,1
0,0,0,0,0,0,0,0,0,0,0
2,6,5,1,4,2,4,3,1,2,1
0,3,4,0,1,0,4,3,0,0,0
3,57,68,7,44,9,20,19,3,33,1
12,105,130,7,84,29,39,46,3,64,1
4,48,51,4,40,16,18,20,2,20,0
5,29,41,3,34,12,8,9,1,10,1
2,10,7,4,11,6,2,3,0,0,0
2,76,82,10,43,15,21,28,0,61,1
22,189,211,9,134,33,88,84,2,113,1
5,16,11,1,8,4,10,8,1,5,0
1,7,8,0,10,1,4,5,1,0,1
14,60,76,7,80,19,30,15,4,8,0
0,0,1,0,1,0,0,0,0,0,0
2,21,10,0,7,6,11,7,1,8,1
1,15,18,3,12,4,8,7,0,5,1
0,13,4,0,2,2,4,5,1,5,1
0,11,9,1,6,5,5,3,0,2,1
1,16,14,0,9,6,12,6,0,11,1
0,0,0,0,0,0,0,0,0,0,0
0,6,9,0,4,1,7,1,0,3,1
0,4,6,0,2,1,3,6,0,1,1
0,3,5,0,4,0,2,0,0,2,0
1,11,2,0,2,5,3,7,0,3,0
0,3,3,0,1,1,1,0,0,3,0
0,1,7,1,3,1,0,3,0,2,1
1,5,2,0,3,1,3,2,0,1,1
0,0,0,0,0,0,0,0,0,0,0
1,1,5,0,6,2,0,2,0,0,0
0,2,1,0,2,0,2,0,0,0,0
2,8,12,1,12,3,2,1,0,1,1
0,0,0,0,0,0,0,0,0,0,0
19,70,38,20,57,37,30,14,0,1,1
24,98,71,29,98,43,46,8,0,1,1
10,51,26,16,28,17,20,7,1,4,0
21,100,58,14,76,34,54,22,1,10,1
13,36,33,5,39,23,18,17,0,4,0
12,56,67,13,62,19,35,20,1,5,0
6,36,35,3,38,10,17,16,0,5,1
4,45,35,9,30,11,24,14,2,5,1
1,11,11,2,11,0,5,2,0,6,1
8,39,43,4,40,18,35,13,0,2,0
4,16,14,3,11,4,5,14,1,3,1
3,15,21,4,17,5,10,5,0,5,1
8,88,59,10,53,19,40,30,1,16,1
20,55,41,4,65,33,19,23,1,5,1
11,54,40,6,48,18,23,19,1,8,1
5,25,21,7,26,7,13,7,2,1,1
5,31,9,3,10,8,12,8,0,10,0
2,67,25,3,18,8,17,30,1,38,1
7,87,58,3,41,14,30,32,1,47,1
3,35,38,1,24,9,20,18,0,23,1
0,20,11,0,6,3,6,4,1,13,1
15,84,97,16,45,34,45,38,1,50,0
2,32,9,2,10,3,9,17,1,8,0
4,55,43,0,22,12,19,28,0,50,1
5,33,22,6,9,3,13,8,1,23,1
1,3,9,0,4,0,3,3,0,3,1
11,105,94,5,60,32,63,37,3,44,1
14,74,49,0,19,12,29,31,5,66,1
2,5,7,1,0,3,4,2,0,4,1
9,197,14,0,13,8,19,27,4,183,0
3,11,7,0,9,3,3,1,1,5,1
2,14,7,1,10,3,6,9,0,5,1
5,80,23,2,17,5,10,11,0,69,1
17,149,154,8,92,28,67,61,4,103,1
12,108,80,1,40,18,39,38,2,97,1
8,65,69,3,37,10,27,22,3,47,1
19,201,189,20,154,59,79,81,8,50,1
4,18,16,5,25,10,7,9,1,4,0
0,0,0,0,0,0,0,0,0,0,0
12,94,70,3,46,19,38,45,3,60,1
7,107,108,22,59,17,27,43,2,79,1
0,0,0,0,0,0,0,0,0,0,0
0,0,0,0,0,0,0,0,0,0,0
2,2,3,0,3,3,1,0,0,1,1
0,13,10,2,9,2,1,1,0,7,1
4,59,64,2,42,21,13,28,4,28,1
1,47,30,1,23,12,5,19,1,39,1
2,41,7,1,5,2,9,11,1,42,0
0,0,0,0,0,0,0,0,0,0,0
4,44,46,1,20,13,12,18,3,37,1
35,382,135,6,87,49,85,118,4,350,1
13,84,46,3,25,14,28,28,4,59,1
8,89,32,0,19,12,14,27,5,79,1
13,71,65,1,29,16,21,32,0,63,1
6,78,75,1,32,10,28,47,2,56,1
0,0,0,0,0,0,0,0,0,0,0
9,108,72,6,41,23,39,35,3,68,1
4,42,29,6,19,15,12,15,1,16,1
21,156,125,9,99,43,72,72,1,42,1
12,62,84,9,68,14,22,30,1,29,1
14,83,92,5,54,23,45,39,3,49,1
7,9,16,4,18,4,7,7,0,6,1
15,56,42,2,42,17,34,33,3,27,0
0,4,0,0,2,0,0,0,0,2,1
11,85,71,2,35,16,39,31,5,72,1
3,19,77,0,13,6,24,30,1,44,1
0,6,4,0,3,1,0,1,0,6,0
0,0,0,0,0,0,0,0,0,0,0
0,0,0,0,0,0,0,0,0,0,0
9,51,57,7,35,5,25,22,2,39,1
12,80,64,11,66,23,27,27,0,28,1
14,87,60,8,55,24,30,30,0,43,1
8,90,66,1,37,14,30,36,5,61,1
9,97,77,6,72,22,38,36,4,25,1
34,237,248,12,164,72,114,93,8,106,1
16,150,122,2,62,26,48,53,8,114,1
7,22,26,7,25,7,14,9,0,2,1
3,28,8,0,6,0,7,6,1,26,1
1,13,16,2,14,6,1,4,1,4,1
15,184,175,6,91,35,67,93,6,132,1
2,8,18,2,12,3,3,1,1,9,0
4,43,8,0,6,3,5,11,1,37,1
6,59,63,3,46,17,25,27,2,26,1
9,60,57,5,31,11,27,30,4,39,1
10,108,51,3,32,13,23,42,8,66,1
9,62,33,3,26,6,15,23,1,46,1
12,11,4,4,14,12,11,1,0,0,1
0,0,0,0,0,0,0,0,0,0,0
5,57,23,5,39,23,32,10,0,2,1
1,21,2,0,0,0,1,7,0,22,1
8,144,59,2,39,12,39,45,1,129,1
1,73,24,0,14,5,9,15,3,68,1
6,113,96,11,44,22,27,48,6,116,1
18,264,125,2,64,33,58,87,4,253,1
3,148,28,0,10,12,28,36,1,139,1
0,0,0,0,0,0,0,0,0,0,0
19,236,75,1,26,28,45,106,5,213,1
20,228,150,3,63,34,79,83,6,236,1
18,316,59,2,26,19,34,77,7,276,1
3,143,58,0,13,16,32,52,3,148,1
7,47,34,2,26,7,15,20,0,20,1
38,143,54,39,129,66,80,38,2,10,1
22,64,37,11,76,25,25,14,1,3,1
32,102,55,26,98,39,43,14,1,2,1
38,115,50,38,108,50,58,17,1,1,1
13,133,74,0,50,32,34,42,7,95,1
0,0,0,0,1,0,0,0,0,0,0
10,81,73,4,57,10,28,31,4,45,1
20,111,99,5,45,14,58,55,4,87,1
14,127,69,1,38,21,39,54,1,92,1
11,54,43,2,24,8,24,27,0,38,1
13,29,45,5,34,17,15,15,1,7,1
14,89,70,6,34,20,38,44,2,63,1
22,160,70,8,53,15,50,64,7,91,1
11,125,108,9,77,21,43,54,1,53,0
18,223,71,3,44,24,47,91,6,194,1
0,0,0,0,0,0,0,0,0,0,0
0,48,15,0,10,7,11,20,0,36,1
19,93,140,17,129,33,30,38,4,22,1
6,39,13,0,9,6,15,15,1,29,1
4,22,25,1,15,8,12,11,1,13,1
25,103,84,2,54,26,43,51,1,61,1
8,61,54,2,31,13,24,26,1,37,1
0,0,0,0,0,0,0,0,0,0,0
20,191,73,4,25,19,45,85,8,174,1
12,102,55,4,28,7,24,35,5,89,1
8,102,37,0,22,11,23,25,2,81,1
6,71,40,2,13,9,18,26,4,60,1
7,81,50,1,15,14,28,31,2,78,1
11,78,65,3,28,22,33,38,4,61,1
9,104,61,3,36,16,40,37,3,72,1
8,67,69,4,45,13,22,33,1,45,1
4,19,58,12,48,9,7,4,1,5,1
0,0,0,0,0,0,0,0,0,0,0
35,281,230,10,68,42,107,162,9,289,1
35,325,253,9,83,53,107,139,6,344,1
5,35,38,1,12,4,25,21,1,48,1
9,124,102,2,48,15,40,65,2,97,1
18,120,165,5,47,23,48,67,1,171,1
8,87,58,2,17,11,25,32,1,96,1
7,57,27,0,7,5,10,19,2,69,1
4,99,66,1,12,21,31,34,1,131,1
1,16,11,0,1,4,5,2,1,23,1
1,11,15,0,4,2,5,10,0,19,1
7,72,38,1,11,13,28,26,0,82,1
1,9,9,0,2,2,7,6,0,9,1
6,108,63,4,31,11,26,51,1,94,1
33,257,182,3,108,43,85,100,5,233,1
32,247,154,5,82,41,70,105,3,210,1
13,69,74,3,33,12,36,44,3,59,1
14,256,129,6,61,35,85,91,4,250,1
10,102,106,3,58,24,38,46,5,77,1
7,120,49,2,26,15,21,34,4,99,1
6,79,46,4,22,8,24,30,2,69,1
10,105,71,2,29,26,38,42,0,85,1
0,0,0,0,0,0,1,0,0,0,0
6,100,73,2,32,9,25,34,0,108,1
7,136,89,1,47,21,38,45,2,133,1
4,17,24,0,12,1,8,11,0,23,1
19,148,131,5,70,32,47,53,2,135,1
7,166,91,4,42,37,49,58,3,165,1
9,85,60,2,33,10,28,37,2,56,1
7,44,33,1,13,5,12,12,2,49,1
4,43,28,1,11,4,23,20,0,32,1
1,41,25,0,10,3,16,11,2,35,1
4,46,41,0,16,10,11,16,0,51,1
11,159,122,6,55,40,50,62,7,124,1
0,26,18,1,14,5,5,6,0,18,1
0,0,0,0,0,0,0,0,0,0,0
0,0,0,0,0,0,0,0,0,0,0
6,88,0,0,4,10,26,38,5,22,1
0,0,0,0,0,0,0,0,0,0,0
4,71,7,0,16,11,23,27,2,18,1
9,83,3,1,13,15,31,36,2,21,1
6,30,6,2,16,10,16,15,1,4,0
10,30,4,2,8,15,9,12,0,1,0
10,83,3,1,7,17,25,32,2,26,1
11,36,25,5,27,4,25,16,0,5,1
15,45,29,4,32,18,32,13,2,3,1
7,28,19,1,31,8,10,13,1,4,1
25,75,34,16,66,34,31,23,2,6,1
8,30,32,6,37,18,16,10,0,3,1
14,139,91,11,68,47,62,50,5,50,1
11,25,31,12,42,10,18,4,1,1,1
19,31,17,12,35,23,11,6,0,0,0
21,39,22,12,51,27,17,7,0,1,1
29,42,22,13,46,25,24,8,0,2,1
24,53,53,28,66,43,19,7,0,3,1
27,51,42,34,94,32,23,5,0,2,1
1,12,6,0,6,2,7,6,0,0,1
3,13,16,1,15,3,2,10,0,6,1
12,83,5,0,15,11,38,34,3,24,1
45,76,35,53,119,65,44,16,0,1,0
5,77,0,0,2,6,15,26,6,31,0
38,166,13,8,47,45,46,53,9,57,1
2,20,5,1,7,7,13,9,0,3,0
39,160,19,21,67,48,55,47,4,34,0
3,13,7,3,12,8,2,0,0,1,0
17,78,9,3,20,19,38,20,1,19,1
4,7,5,0,7,7,3,1,0,0,0
0,0,0,0,0,0,0,0,0,0,0
39,20,17,20,36,19,8,4,0,0,1
6,20,9,2,12,6,13,9,1,2,1
14,30,22,18,35,26,12,2,0,1,0
10,37,32,3,38,10,12,15,1,5,1
8,37,18,2,21,16,16,12,0,1,1
2,9,7,1,5,2,6,1,1,0,1
5,23,11,0,17,13,10,5,1,2,1
7,15,8,0,10,1,10,6,0,5,1
10,62,10,2,23,18,35,24,4,4,1
43,84,22,22,88,43,42,12,2,1,0
0,4,5,4,1,3,1,1,0,0,1
7,24,49,17,40,8,12,2,1,3,1
26,40,17,12,46,27,34,11,1,1,1
15,62,35,4,50,21,28,15,0,7,0
5,14,6,0,8,8,8,4,0,3,0
40,122,40,22,81,60,60,42,7,23,1
8,72,8,0,20,12,34,22,2,15,1
7,25,17,5,23,12,11,8,0,1,1
16,101,12,2,21,20,31,47,4,24,0
14,36,43,5,42,20,19,14,0,6,1
3,16,15,0,21,7,6,6,0,0,1
3,11,5,4,15,7,2,0,0,2,0
2,3,8,0,6,1,4,1,1,1,1
0,3,7,0,9,4,0,0,0,0,1
6,20,4,3,10,8,6,3,0,1,0
1,3,4,0,2,0,1,1,1,2,1
31,183,95,1,56,38,72,96,3,108,1
6,28,27,7,29,12,11,10,1,2,1
2,6,19,2,18,2,4,2,0,1,0
10,23,23,2,27,11,13,6,0,6,1
8,113,30,7,29,22,27,25,1,64,1
9,148,23,1,21,21,30,39,4,119,1
2,6,6,0,6,0,3,4,0,3,1
0,13,3,0,0,2,5,5,0,10,0
9,104,19,2,21,14,22,35,2,77,1
6,82,19,1,12,12,8,35,0,68,1
2,42,60,4,43,9,21,15,1,16,1
10,46,68,0,52,20,22,21,1,25,1
18,164,20,0,22,19,26,45,5,134,1
15,158,50,1,27,13,29,59,5,134,1
2,46,17,2,12,0,9,24,1,27,1
11,26,51,2,31,16,21,22,0,14,1
18,56,70,3,56,19,24,38,3,24,1
11,32,31,2,25,9,15,20,1,17,1
20,206,189,23,127,37,79,76,2,116,1
8,89,51,1,10,3,19,29,0,108,1
0,0,0,0,0,0,0,0,0,0,0
13,138,49,0,13,13,31,51,2,143,1
19,163,98,2,32,15,41,70,2,156,1
3,6,1,1,1,6,3,2,0,2,0
9,115,33,2,12,15,28,53,3,110,1
15,299,35,3,24,12,35,64,6,250,1
12,126,66,8,37,16,35,45,3,93,1
9,94,42,4,39,11,32,36,3,42,1
8,95,55,5,38,26,35,36,3,39,1
15,92,81,4,40,24,31,53,2,64,1
17,169,115,22,68,40,51,57,3,100,1
6,97,46,5,26,29,29,32,6,58,1
0,11,7,0,2,2,7,3,0,7,1
23,170,109,7,59,27,51,72,9,104,1
17,139,86,10,56,34,51,62,1,74,1
18,66,60,8,55,17,28,30,2,36,1
2,38,40,2,21,13,12,23,1,21,1
5,5,2,1,3,3,3,1,0,0,0
0,32,5,4,12,9,10,5,1,3,1
5,5,5,1,6,4,5,4,0,1,0
13,62,40,4,30,10,22,34,5,31,1
19,87,42,5,43,21,27,32,1,46,0
5,14,15,0,6,1,17,9,0,13,0
6,51,40,4,28,7,20,21,1,29,1
5,40,53,4,28,10,22,29,1,29,0
13,134,86,6,64,26,52,52,5,82,1
0,0,0,0,1,0,2,0,0,0,0
4,27,6,1,8,5,7,12,3,12,1
19,120,64,4,40,12,42,49,7,76,1
30,153,81,16,53,23,50,68,6,83,1
11,123,62,2,53,17,41,63,6,45,1
25,124,70,4,59,21,58,57,7,60,1
28,221,100,16,92,45,60,90,4,103,1
19,47,41,14,41,18,15,15,2,15,0
24,180,83,6,59,30,46,76,5,110,1
8,18,36,3,22,10,13,12,0,11,1
24,111,70,9,65,32,51,51,2,46,0
6,53,42,3,26,11,27,26,1,33,0
7,67,53,1,44,21,18,25,2,38,1
16,132,65,16,67,39,43,54,7,34,1
3,33,14,0,11,6,11,12,1,15,0
37,259,177,11,136,46,102,114,7,127,1
1,9,5,0,2,1,1,2,0,9,1
30,122,80,11,72,25,52,38,1,75,1
0,7,2,2,4,1,2,1,0,1,0
19,78,42,8,40,13,21,36,1,35,0
1,4,2,1,4,1,1,1,0,0,0
47,271,212,17,141,55,113,112,5,163,1
18,72,63,4,38,15,25,41,4,46,0
17,46,32,3,33,13,24,19,1,8,1
8,23,22,3,21,5,12,11,0,6,0
2,17,15,2,10,3,5,6,0,7,1
7,55,29,2,31,13,15,22,2,22,0
21,102,74,10,57,25,38,35,5,52,1
0,0,0,0,0,0,0,0,0,0,0
18,176,141,3,75,35,70,84,4,114,1
0,0,0,0,0,0,0,0,0,0,0
3,45,52,8,35,13,28,22,0,6,1
25,238,227,4,145,55,81,110,2,132,1
9,96,56,2,11,13,34,42,1,85,1
19,186,152,3,65,21,64,84,3,186,1
14,17,10,3,12,9,11,9,0,2,0
4,14,12,1,12,9,4,1,1,2,0
12,51,37,5,38,20,29,22,2,10,1
12,35,34,2,40,16,23,13,0,2,1
4,22,13,2,12,16,7,3,0,2,1
30,194,96,8,78,29,61,84,2,103,1
8,123,4,0,3,2,16,24,4,96,0
6,23,16,4,28,8,9,5,1,0,0
13,58,26,8,71,27,16,13,0,0,0
38,67,60,26,94,40,28,12,1,3,1
14,18,18,8,35,14,15,8,1,0,0
18,81,66,7,64,30,31,33,2,23,1
6,41,22,2,16,7,16,16,3,15,1
10,53,47,6,50,19,22,13,1,14,1
31,59,44,31,63,38,28,10,1,2,1
7,43,31,1,30,13,18,21,2,13,1
17,72,120,8,74,28,41,56,4,23,1
0,3,8,0,7,3,0,0,0,1,1
13,76,109,7,83,30,39,30,0,31,1
6,130,0,0,1,2,7,31,0,108,1
13,83,95,4,69,19,39,40,2,40,1
11,70,64,11,50,9,37,37,2,6,1
9,35,40,9,38,16,15,15,2,3,1
30,80,27,17,73,49,33,16,3,0,1
9,75,53,9,54,18,25,35,0,19,1
2,28,22,3,20,7,12,10,0,7,1
47,189,172,37,188,86,100,53,3,28,1
13,47,65,27,62,20,24,12,1,4,1
3,6,13,4,9,6,7,1,0,0,0
3,26,16,4,18,8,16,7,1,2,0
14,69,72,6,62,29,38,21,1,13,1
11,40,50,20,47,25,19,10,0,5,1
27,100,83,26,120,43,34,19,0,3,1
6,10,11,2,14,8,4,5,0,0,0
2,21,18,1,8,5,9,9,0,16,1
1,10,8,0,6,2,5,6,0,5,1
1,9,5,0,3,2,4,2,0,9,1
1,16,9,0,6,1,6,6,0,8,0
1,15,12,0,10,2,5,4,1,13,0
44,206,123,15,126,59,73,71,8,86,1
56,64,45,27,113,48,47,11,2,0,1
8,36,28,4,29,18,12,15,0,9,1
4,21,25,2,23,8,7,2,0,3,1
14,83,71,13,65,37,26,30,2,31,1
2,19,10,1,8,5,7,10,1,2,0
12,45,14,2,22,15,25,10,3,4,1
0,6,6,1,5,2,0,3,1,2,1
12,61,82,2,51,12,41,36,1,24,1
1,16,18,2,15,6,9,9,0,5,1
3,61,30,2,14,8,24,21,1,44,1
0,2,1,0,1,0,0,1,0,1,0
2,38,24,1,13,4,12,18,1,27,1
1,8,3,0,3,1,0,3,0,3,0
16,96,75,5,60,23,41,40,1,40,1
2,26,26,5,26,6,13,6,1,4,1
3,26,39,5,42,8,14,5,0,1,1
0,0,0,0,0,0,0,0,0,0,0
29,204,24,2,30,27,51,65,6,103,1
33,34,28,3,20,21,30,27,2,9,0
0,3,4,0,5,1,0,1,0,0,1
3,17,23,1,11,7,11,6,1,14,1
3,24,19,0,11,6,17,8,0,17,1
1,19,10,0,7,4,6,5,0,16,1
0,15,7,0,4,2,3,9,0,11,1
1,15,8,0,5,3,8,6,0,13,1
1,22,18,0,10,5,17,8,0,14,0
0,27,13,0,5,2,5,9,0,21,1
2,23,34,0,17,7,12,12,0,17,1
1,30,23,0,7,8,12,12,1,23,1
9,19,18,4,23,9,13,6,0,4,1
1,16,7,0,2,5,7,9,0,9,1
3,28,29,6,20,8,8,8,0,11,1
5,47,41,0,33,10,21,21,2,12,1
15,86,97,8,74,29,54,39,2,31,1
3,32,41,2,38,11,15,13,2,10,1
11,58,82,11,66,26,36,12,0,20,1
4,27,37,2,29,5,15,15,0,9,1
17,95,69,7,71,43,42,27,2,12,0
10,28,18,1,30,9,15,4,0,4,1
9,29,11,4,15,17,21,3,0,6,0
14,50,51,7,62,21,28,12,1,10,1
2,6,5,1,7,5,0,1,0,1,1
10,34,32,4,33,5,17,16,4,3,1
10,26,27,3,32,10,16,8,0,2,1
6,29,17,3,37,13,13,4,0,1,1
0,0,0,0,0,0,0,0,0,0,0
6,59,61,7,53,21,37,19,0,10,1
0,25,36,0,20,6,14,15,1,11,1
6,21,45,3,26,11,10,15,1,11,1
2,13,15,2,17,4,6,4,1,2,0
24,118,150,16,124,56,62,42,2,25,1
1,28,25,2,19,6,7,12,0,7,1
42,217,222,45,221,61,97,86,4,51,1
13,71,60,2,22,6,40,38,0,60,1
6,114,29,0,18,10,25,47,5,75,1
38,291,248,27,197,52,100,122,8,138,1
21,77,100,15,82,22,35,36,1,24,1
32,98,62,12,94,38,39,24,0,16,1
26,176,100,6,62,27,61,82,9,111,1
22,187,226,5,97,57,92,102,6,136,1
27,295,234,17,160,53,85,120,9,181,1
16,111,121,3,72,33,44,54,3,62,1
4,36,49,3,29,6,12,16,1,26,1
27,199,181,22,130,35,92,78,3,80,1
5,101,41,0,17,9,25,34,0,93,1
21,113,131,8,92,23,48,62,3,46,1
6,79,64,1,33,10,24,22,4,64,1
28,185,208,12,142,57,71,99,3,80,1
0,1,4,0,3,0,1,0,0,1,1
1,37,37,3,13,5,7,11,0,48,1
6,110,115,3,58,15,32,57,1,94,1
1,22,39,0,7,3,8,15,2,36,1
8,61,68,6,59,15,23,18,3,19,1
6,33,41,3,31,4,11,18,0,15,1
2,12,34,4,22,3,7,8,2,3,1
15,160,188,4,76,35,69,83,3,142,1
23,284,175,17,114,44,106,127,3,180,1
0,0,0,0,0,0,0,0,0,0,0
9,211,81,0,36,31,39,62,4,217,1
13,151,97,1,36,21,43,56,1,160,1
6,60,96,5,43,19,38,36,0,43,1
11,74,110,3,66,28,44,46,5,34,1
37,212,129,3,58,42,78,89,7,183,1
14,192,119,3,49,34,61,80,2,151,1
14,221,83,1,41,21,50,75,4,198,1
32,236,155,3,75,35,93,106,4,169,1
5,82,27,0,13,5,17,26,5,71,1
15,158,94,2,55,28,46,55,2,128,1
15,129,184,2,95,31,73,66,4,95,1
4,44,38,1,21,4,25,31,1,17,1
24,199,74,2,36,20,45,74,4,160,1
2,24,29,3,15,7,11,14,2,10,1
5,24,8,0,9,3,8,11,1,19,0
0,10,4,0,2,2,0,1,2,6,1
22,301,141,2,60,48,87,127,10,238,1
27,173,204,14,155,54,65,75,10,55,1
25,169,253,19,129,38,103,104,4,106,1
15,182,111,7,73,30,42,57,4,138,1
0,22,25,1,11,5,4,13,0,18,1
5,15,22,0,16,1,8,11,2,5,1
34,229,242,8,141,47,77,119,13,147,1
31,179,155,19,116,52,71,80,5,84,1
20,116,90,3,60,18,35,57,6,77,1
8,73,86,7,61,18,32,27,2,27,1
22,148,187,4,61,27,74,78,3,142,1
6,97,112,3,34,11,42,48,6,99,1
20,146,122,9,87,32,59,57,4,79,1
23,247,214,9,99,55,131,101,11,139,1
17,125,125,6,67,23,52,62,3,88,1
5,145,16,0,15,8,24,33,3,118,1
12,128,115,7,60,28,57,66,2,86,1
9,131,101,1,40,30,37,53,6,105,1
22,114,122,1,84,23,59,74,2,55,1
20,95,93,3,64,25,38,41,4,73,1
10,57,55,2,29,25,26,30,1,31,1
4,46,47,2,34,10,14,19,2,23,1
7,49,43,0,16,10,18,22,0,41,1
0,11,7,0,3,2,0,4,0,12,0
0,21,14,2,7,6,3,13,0,15,1
5,19,22,2,15,2,9,12,1,21,0
6,118,86,1,27,12,44,50,1,141,1
4,65,21,1,12,8,15,15,0,67,1
4,58,61,0,12,11,30,24,3,63,1
39,375,321,8,120,59,128,200,12,316,1
19,190,163,3,70,37,80,89,5,145,1
20,189,173,3,51,29,65,74,1,222,1
38,270,238,11,129,58,116,119,6,205,1
0,1,0,0,1,0,0,0,0,0,0
3,34,24,0,8,6,11,16,1,32,1
5,16,18,2,10,6,5,4,1,18,1
0,19,9,1,3,4,9,8,1,9,1
14,120,88,0,20,20,47,63,6,134,1
24,177,151,2,87,39,66,78,8,112,1
16,220,113,6,70,35,64,76,3,194,1
0,11,6,0,4,2,5,2,0,10,0
7,15,26,2,8,9,11,13,1,14,1
4,51,31,1,11,4,20,33,1,28,1
0,0,0,0,0,0,0,0,0,0,0
11,66,54,0,34,19,28,30,3,34,1
6,45,28,1,18,11,14,18,0,31,1
2,14,15,0,9,4,8,7,0,10,1
6,26,8,3,12,6,14,12,0,15,0
7,71,69,1,15,8,31,47,0,82,1
2,16,10,0,2,3,6,8,2,14,1
1,17,13,0,8,5,11,7,0,10,1
1,16,4,1,4,0,3,6,0,15,1
3,61,62,1,21,3,19,29,0,66,1
15,102,39,1,20,19,30,34,2,87,1
9,129,66,0,16,21,36,53,2,123,1
9,60,58,0,20,12,16,22,0,81,1
2,32,13,1,4,4,6,6,1,35,1
4,23,6,0,2,3,7,9,1,18,0
4,33,22,0,13,9,9,8,1,33,1
2,10,26,7,14,3,4,6,0,11,1
2,37,21,2,12,7,10,23,0,28,1
0,10,1,0,0,0,0,5,0,6,0
0,8,12,0,5,4,4,4,0,10,1
4,17,7,0,0,1,3,8,0,22,1
5,22,11,0,3,4,11,7,0,14,1
5,16,17,0,11,3,5,6,0,15,1
29,257,271,15,161,69,105,131,9,153,1
1,9,11,3,4,4,5,10,0,14,1
4,12,10,2,12,3,5,6,0,8,1
0,30,14,1,5,4,9,11,0,24,0
6,13,11,1,11,3,6,4,0,13,0
1,17,8,1,6,1,7,5,0,12,1
0,4,2,0,0,1,0,2,0,5,1
0,20,11,0,8,8,5,12,0,10,1
3,26,20,1,8,3,7,16,0,32,0
16,123,103,1,53,20,44,59,4,87,1
7,84,103,1,19,13,51,54,2,100,1
1,81,12,0,11,10,10,19,1,60,1
0,0,1,0,1,0,0,0,0,0,1
25,39,27,16,50,21,30,9,0,0,1
8,22,23,2,7,6,10,11,0,19,1
6,61,40,0,18,5,15,38,0,60,1
16,187,129,1,67,18,47,77,5,176,1
13,164,123,1,52,12,62,78,5,127,1
1,3,0,0,2,2,1,2,0,0,0
5,51,23,6,33,28,45,25,1,10,0
7,81,87,2,25,10,31,38,3,98,1
6,43,24,0,11,6,14,18,2,37,0
14,92,16,14,48,20,12,20,3,43,0
0,0,0,0,0,0,0,0,0,0,0
7,59,20,1,26,13,37,26,1,16,1
1,42,5,0,14,10,13,9,0,14,0
4,79,10,2,6,2,13,19,1,59,1
0,0,18,2,11,0,0,6,0,0,1
10,60,31,2,40,18,20,15,1,33,1
11,90,45,4,50,13,33,43,0,31,1
1,1,49,7,36,3,1,1,0,2,1
2,7,12,1,9,0,5,3,0,3,1
26,43,27,16,54,21,29,10,1,2,0
1,5,58,6,33,7,6,7,0,8,1
7,20,15,8,22,9,5,5,0,0,0
0,0,0,0,0,0,0,0,0,0,0
11,28,26,8,45,13,4,8,2,2,1
12,15,23,4,29,17,9,2,0,1,0
4,12,12,7,23,6,3,3,0,0,1
66,149,80,34,153,68,73,39,1,2,1
49,109,33,20,116,75,36,14,1,1,1
95,179,118,49,218,104,83,26,3,5,1
0,2,0,0,0,0,3,0,0,0,1
2,14,2,1,8,1,10,2,0,0,1
4,15,13,3,18,8,8,5,0,0,1
6,24,8,4,29,7,7,7,0,0,0
4,10,6,4,14,7,5,1,0,0,1
9,25,11,6,26,14,5,4,0,0,0
14,12,13,9,23,5,12,0,0,2,0
0,0,0,0,0,0,0,0,0,0,0
9,35,44,8,53,18,19,11,0,1,1
7,16,11,6,19,14,7,0,0,0,1
2,6,5,0,5,1,3,4,0,2,0
0,2,2,0,2,2,2,0,0,0,1
32,53,40,25,76,18,34,8,2,1,1
88,173,113,76,211,99,87,31,1,8,0
92,188,93,36,197,88,93,37,3,10,1
16,38,34,4,58,22,23,4,0,1,1
16,26,22,7,43,13,13,8,0,0,1
6,20,18,7,26,12,7,2,0,0,0
10,17,8,5,20,16,8,1,1,1,0
5,15,13,2,24,9,2,3,1,1,1
4,10,17,3,18,4,5,2,0,0,1
47,50,48,12,90,36,25,4,0,2,0
10,26,25,6,44,13,7,5,0,0,1
14,23,35,7,47,29,7,5,2,0,1
6,11,16,5,17,4,4,2,0,0,1
3,60,166,8,85,18,27,25,2,66,1
1,59,17,0,5,3,12,20,1,62,0
0,0,0,0,0,0,0,0,0,0,0
0,6,1,1,5,0,3,1,0,0,0
0,8,1,0,1,0,3,4,0,1,0
0,8,3,2,2,0,1,0,0,9,0
0,0,0,0,0,0,0,0,0,0,0
0,0,0,0,0,0,0,0,0,0,0
9,51,41,3,25,11,10,31,5,31,1
0,3,3,2,2,0,1,0,0,0,0
12,521,23,0,36,38,56,95,2,478,0
11,161,10,0,5,3,8,32,1,150,1
43,201,90,59,132,72,48,54,4,88,1
40,227,173,25,223,74,81,59,2,17,1
2,44,12,3,12,6,17,23,2,37,1
3,20,6,0,2,2,3,8,0,24,1
21,213,166,6,89,27,79,109,2,157,1
83,223,100,34,205,107,99,47,2,11,1
0,0,0,0,0,0,0,0,0,0,0
9,171,5,0,6,8,12,24,2,163,1
30,284,248,11,101,45,97,123,5,266,1
2,26,25,2,20,4,10,8,1,17,1
11,89,69,9,37,16,34,36,2,60,1
0,15,13,2,8,3,4,8,0,7,1
10,101,50,5,27,20,34,40,2,74,1
29,373,171,13,89,50,81,139,10,317,1
0,0,0,0,0,0,0,0,0,0,0
7,25,14,1,9,1,9,11,1,18,1
10,118,71,3,41,18,30,67,2,91,1
16,109,104,7,64,16,40,49,2,78,1
6,30,40,3,24,10,14,9,1,21,1
2,10,10,0,6,2,1,8,0,3,1
0,1,0,0,0,0,1,0,0,0,1
7,136,40,2,24,12,20,40,2,139,1
6,35,36,2,25,8,17,16,0,18,1
5,38,30,3,18,12,16,12,0,21,1
12,67,75,6,45,18,34,29,1,37,1
1,15,6,0,5,4,2,5,0,8,1
22,273,187,4,100,40,78,117,5,264,1
6,34,37,1,24,6,17,10,2,28,1
2,37,39,2,19,5,18,18,1,25,1
6,79,69,1,39,13,21,36,2,55,1
9,87,62,3,39,15,26,32,1,69,1
5,20,27,1,8,4,15,9,0,26,1
1,36,30,4,21,6,7,14,2,25,1
1,45,28,1,13,5,7,25,1,43,1
6,83,54,0,20,18,24,29,1,96,1
1,71,13,0,7,6,7,36,1,77,0
12,101,87,1,21,23,36,47,0,134,1
5,31,34,1,3,5,18,18,0,45,1
23,226,128,4,42,32,48,92,7,236,1
0,5,3,0,3,0,3,2,0,2,1
8,274,52,0,21,20,39,67,2,283,1
16,101,84,1,32,17,31,54,1,105,0
10,59,36,4,30,20,23,16,0,30,1
2,11,4,0,8,2,2,2,0,7,1
50,127,69,25,127,64,63,34,0,4,1
15,49,31,4,37,34,25,13,1,5,1
0,4,12,0,9,2,1,3,0,1,1
6,103,17,0,8,4,4,19,1,100,0
0,0,0,0,0,0,0,0,0,0,0
1,2,0,0,0,2,1,0,0,2,1
0,0,0,0,0,0,0,0,0,0,0
3,35,19,1,10,5,7,23,1,25,0
14,192,58,1,18,11,41,38,6,184,1
13,30,21,6,32,22,17,8,0,5,0
3,20,45,4,23,8,14,15,0,16,1
2,28,20,7,31,10,12,7,0,0,0
4,13,16,3,20,5,4,2,0,2,1
0,0,0,0,0,0,0,0,0,0,0
3,7,10,2,5,2,0,2,0,11,1
1,81,3,28,124,169,181,98,6,27,0
9,200,44,2,29,20,27,46,3,181,1
15,71,54,6,65,26,33,20,0,8,1
0,10,12,0,6,7,9,4,0,4,0
2,23,12,1,12,7,6,10,0,7,1
22,60,33,11,41,36,31,17,0,5,0
10,77,54,11,57,25,33,21,0,12,1
2,13,7,2,5,2,6,8,0,2,1
2,9,7,0,6,3,3,7,0,1,0
0,3,7,0,7,3,2,0,0,2,1
2,8,14,3,6,4,8,4,1,2,1
0,7,12,0,8,1,8,0,0,4,1
0,1,0,0,0,1,1,0,0,0,0
2,5,2,0,2,1,1,3,0,4,1
0,13,7,0,5,6,7,5,0,6,0
1,10,1,0,0,1,4,6,0,3,0
0,3,10,2,4,1,3,1,0,2,1
1,9,7,0,8,1,3,2,0,3,0
1,9,0,0,2,2,1,4,0,3,0
13,31,32,11,51,16,17,8,0,2,1
7,54,76,12,75,15,19,15,1,5,1
5,6,2,0,9,5,5,1,0,2,0
4,10,10,1,16,6,2,3,0,0,0
30,404,119,14,77,53,70,98,6,362,1
30,82,49,20,57,29,34,23,3,6,1
14,47,47,12,51,25,16,11,0,5,1
20,59,56,18,66,32,13,15,3,2,0
24,257,278,31,187,63,101,92,8,111,1
0,9,13,0,8,2,2,5,1,6,1
2,6,8,3,5,5,4,3,0,2,1
3,8,3,0,1,5,3,3,0,5,1
0,2,113,29,69,2,3,7,0,12,1
3,2,5,1,10,4,1,2,0,0,1
17,61,36,23,65,33,26,6,1,1,1
24,214,68,7,121,61,88,68,4,27,1
11,46,32,7,40,22,19,13,1,5,1
23,67,37,16,56,32,23,14,1,8,1
21,64,40,10,64,27,37,15,0,0,1
1,16,12,0,9,4,3,10,0,10,1
5,43,20,0,12,7,16,23,1,29,1
2,28,15,0,5,6,7,12,0,19,0
10,100,87,6,68,13,33,55,3,47,1
0,8,7,0,1,2,4,3,0,7,0
8,44,39,1,28,11,20,27,2,15,1
14,58,63,3,38,13,34,24,2,32,1
3,44,49,4,34,6,11,22,0,19,0
21,170,112,12,96,41,53,76,1,72,1
5,71,43,5,30,13,23,32,0,32,1
7,41,22,3,25,14,16,15,1,13,1
3,17,14,0,4,3,6,11,0,15,1
1,26,8,0,1,3,7,11,0,21,1
1,25,16,0,4,2,9,8,1,30,1
0,17,4,0,2,1,1,4,0,14,1
5,61,13,0,9,6,21,29,2,38,1
0,2,4,0,0,1,0,2,0,5,0
3,27,21,1,15,7,8,19,0,16,1
11,106,53,6,40,26,35,28,1,78,1
4,59,29,4,19,6,15,29,4,22,1
32,185,177,13,107,46,80,67,4,118,1
8,103,77,3,38,17,34,39,2,84,1
7,69,39,2,29,8,25,29,1,35,1
3,40,30,4,16,10,9,14,1,30,1
0,17,19,0,7,6,9,10,0,16,1
6,29,3,0,9,9,4,13,0,3,0
16,133,154,8,91,41,62,59,3,110,1
3,32,28,0,19,4,10,19,1,23,1
20,138,103,18,75,28,52,66,6,58,1
12,162,137,7,62,38,50,82,5,167,1
1,4,6,0,9,0,2,0,0,0,0
22,180,153,8,106,42,70,89,6,113,1
10,105,51,7,54,16,32,38,3,40,1
13,113,78,6,55,17,50,40,3,54,1
15,110,45,3,29,14,27,36,2,73,1
2,13,8,1,5,4,6,5,0,3,0
4,13,9,2,6,5,7,3,0,0,0
2,7,2,1,5,1,0,4,0,3,1
3,9,1,0,7,2,5,0,0,0,1
19,55,27,4,48,34,21,9,2,3,0
12,88,31,9,50,25,30,34,1,12,0
26,193,118,5,84,34,60,75,6,136,1
1,4,2,0,0,2,2,1,1,0,0
0,7,5,1,4,2,2,4,0,2,1
6,46,31,1,25,8,11,20,2,32,1
13,22,23,9,39,9,16,6,1,1,0
5,20,21,2,27,9,19,5,0,3,1
4,16,10,0,14,4,12,5,1,3,1
2,19,12,3,13,6,9,6,0,5,1
0,6,2,2,4,1,0,2,0,1,0
0,10,7,0,5,5,3,3,0,0,0
0,4,3,1,2,1,1,2,0,0,0
0,0,0,0,0,0,0,0,0,0,0
0,0,0,0,0,0,0,0,0,0,0
0,0,0,0,0,0,0,0,0,0,0
0,0,0,0,0,0,0,0,0,0,0
17,68,19,4,40,21,26,19,0,9,0
22,88,42,19,71,40,44,14,1,1,1
13,67,53,11,64,19,25,17,1,3,0
6,28,24,3,34,7,15,5,0,2,0
0,0,0,0,0,0,0,0,0,0,0
0,0,0,0,0,0,0,0,0,0,0
0,0,0,0,0,0,0,0,0,0,0
0,0,0,0,0,0,0,0,0,0,0
0,0,0,0,0,0,0,0,0,0,0
0,0,0,0,0,0,0,0,0,0,0
21,44,47,17,57,20,30,14,0,2,1
15,56,65,13,69,32,30,16,1,1,1
19,60,62,22,62,31,32,22,0,4,1
0,0,0,0,0,0,0,0,0,0,0
0,2,2,1,3,0,0,0,0,0,0
7,23,41,5,34,13,22,5,0,4,1
7,27,21,7,28,13,20,5,0,2,1
30,122,114,29,138,54,55,31,1,3,1
11,56,57,16,65,22,29,10,1,3,1
0,0,0,0,0,0,0,0,0,0,0
0,0,0,0,0,0,0,0,0,0,0
17,84,50,7,65,20,37,28,2,16,1
0,0,0,0,0,0,0,0,0,0,0
2,36,0,0,3,5,2,5,1,28,0
6,89,2,0,1,2,7,22,3,71,1
2,45,5,0,4,2,5,7,1,46,1
4,149,10,0,2,4,7,27,0,137,1
0,0,0,0,0,0,0,0,0,0,0
34,103,44,12,88,36,51,24,2,11,1
24,44,62,26,77,29,23,6,1,3,1
18,65,43,15,62,32,36,17,0,3,1
2,15,20,5,19,6,3,4,0,4,1
1,12,19,3,20,5,7,1,0,1,0
1,16,12,3,10,8,9,2,0,1,1
0,6,13,1,13,3,4,0,0,1,0
14,57,46,15,55,31,33,13,1,1,1
2,17,18,3,20,6,7,7,1,1,1
0,14,13,3,12,5,6,5,0,1,0
31,108,89,44,117,56,55,23,2,5,1
5,30,21,5,33,12,11,3,0,1,1
23,63,49,19,64,32,37,17,2,5,1
30,139,80,25,125,58,69,36,2,5,1
1,0,0,0,2,1,0,0,0,0,1
13,26,18,8,32,13,15,2,1,2,0
11,42,20,10,36,10,22,8,2,2,1
12,32,21,17,22,22,20,5,2,0,0
0,0,0,0,0,0,0,0,0,0,0
0,0,0,0,0,0,0,0,0,0,0
30,49,32,16,60,33,26,10,0,3,1
61,168,86,40,173,91,92,32,2,0,1
4,14,2,3,5,5,6,9,0,3,0
75,264,181,61,257,108,105,60,1,13,1
21,250,51,6,46,23,50,78,4,203,1
5,110,16,0,6,4,14,22,2,104,1
49,186,101,40,164,104,83,42,3,5,1
10,27,23,7,33,6,20,7,0,0,1
15,26,12,9,28,19,21,2,1,0,0
0,0,0,0,0,0,0,0,0,0,0
0,0,0,0,0,0,0,0,0,0,0
0,0,0,0,0,0,0,0,0,0,0
20,287,33,1,19,25,27,83,6,261,1
0,0,0,0,0,0,0,0,0,0,0
0,3,1,0,0,1,0,3,0,4,1
0,0,68,2,31,11,12,10,0,5,1
33,97,61,23,96,60,53,16,2,10,0
33,59,28,15,67,35,37,11,1,0,1
44,89,55,39,105,63,48,16,1,4,1
68,330,45,34,107,72,88,56,8,176,1
1,15,29,2,26,9,2,3,0,2,0
11,164,7,1,14,18,18,43,2,130,1
1,4,4,0,3,2,2,2,0,2,0
1,19,45,1,23,4,8,15,1,12,1
1,1,1,7,7,15,9,1,0,0,1
1,120,43,1,19,12,20,29,1,116,0
14,135,19,0,10,9,16,38,2,145,1
1,117,17,1,10,7,20,25,5,99,1
0,39,5,0,2,6,8,9,1,35,1
0,0,0,0,0,0,0,0,0,0,0
26,303,28,0,14,16,38,68,2,261,1
0,0,0,0,0,0,0,0,0,0,0
11,259,58,2,28,30,50,78,2,245,1
2,97,24,1,6,8,26,22,1,103,1
6,95,9,0,6,12,18,23,1,90,1
16,310,48,0,35,27,62,70,3,296,1
12,204,19,1,25,32,37,43,4,199,0
18,241,39,2,41,35,38,59,5,232,1
3,11,12,1,5,3,4,7,1,9,1
0,0,0,0,0,0,0,0,0,0,0
32,228,230,11,200,60,92,94,2,89,1
1,8,121,27,80,7,2,4,0,3,1
1,18,18,1,15,4,4,10,0,7,1
2,42,34,3,17,5,18,21,0,35,1
11,230,81,1,38,25,39,69,5,199,1
14,197,51,1,24,21,33,61,2,203,1
18,282,34,1,25,41,53,76,2,293,1
12,283,107,75,50,44,59,104,3,282,1
8,238,37,3,29,26,26,55,2,229,0
9,162,23,0,13,25,23,41,3,173,1
2,82,23,1,8,5,15,23,3,82,0
16,201,40,0,21,27,30,61,8,183,1
3,39,9,0,5,4,8,15,0,37,1
2,17,38,0,6,5,14,15,0,20,1
7,247,20,0,22,13,34,73,2,192,0
10,104,36,3,20,18,27,34,3,76,1
9,123,43,0,22,13,28,36,7,106,1
0,0,2,0,2,0,0,0,0,0,0
1,6,18,1,8,5,5,2,0,3,1
0,6,4,0,7,3,0,1,0,2,1
1,5,5,0,2,3,4,2,0,1,1
0,5,7,1,6,0,1,0,0,4,1
1,6,8,1,7,1,2,1,0,4,1
3,7,3,0,3,2,0,5,0,5,1
3,14,5,1,6,4,7,6,0,2,1
2,5,7,0,7,1,1,2,1,3,0
0,16,2,1,2,0,1,9,0,8,0
0,2,0,0,0,0,2,0,1,0,1
4,77,22,1,7,7,14,36,5,64,1
8,166,15,1,14,16,35,47,2,114,0
8,190,15,0,20,9,15,42,3,162,0
4,65,15,0,9,6,11,25,0,62,0
6,1,3,1,3,4,3,2,0,0,0
11,41,69,5,71,15,21,13,0,12,1
9,89,152,4,42,25,43,59,0,101,1
3,56,52,3,26,10,15,23,0,48,1
5,37,36,0,8,15,14,13,0,39,1
0,0,33,0,3,0,7,8,0,15,0
11,165,51,0,25,12,35,58,3,155,1
9,107,74,0,30,9,39,58,1,85,1
14,155,64,1,21,9,34,52,2,178,1
11,102,65,1,14,8,24,33,0,127,1
6,228,23,1,24,31,37,42,8,215,1
4,147,10,1,9,8,15,32,4,139,1
0,0,0,0,0,0,0,0,0,0,0
15,142,64,1,20,15,31,43,2,152,1
3,35,13,2,4,2,6,15,2,37,1
0,0,2,0,0,0,1,1,0,0,0
15,137,72,0,37,14,27,59,4,117,1
25,257,142,1,69,27,85,119,7,190,1
7,50,32,0,11,4,23,12,0,52,1
0,0,0,0,0,0,0,0,0,0,0
5,26,26,3,26,6,7,13,1,9,1
4,28,24,0,17,7,12,10,1,13,1
5,24,23,3,27,12,9,4,0,8,1
8,18,23,2,19,5,8,6,1,10,1
4,10,11,1,11,3,7,3,0,3,1
0,0,0,0,0,0,0,0,0,0,0
3,18,13,2,19,4,9,9,0,1,1
3,4,3,1,2,3,2,2,0,1,1
5,13,2,2,5,3,9,1,0,2,0
4,27,8,3,12,11,18,8,0,1,1
0,2,0,0,2,3,0,0,0,0,0
19,103,24,6,66,26,46,31,2,14,1
20,89,18,6,57,35,54,23,1,6,1
17,39,17,2,31,12,28,13,0,3,1
2,3,2,0,6,2,3,2,0,2,0
8,26,10,3,12,18,13,8,1,2,1
19,48,23,5,35,12,19,15,0,12,1
0,1,1,0,2,0,0,0,0,0,0
16,70,74,8,73,27,27,24,1,10,0
12,70,58,11,68,27,37,20,2,7,1
22,72,28,9,54,37,40,24,0,4,1
12,44,48,13,48,18,29,8,2,6,1
13,124,57,21,92,59,58,25,1,8,1
7,46,7,2,16,22,18,20,2,2,1
9,48,34,3,29,15,22,15,2,8,1
10,28,16,5,21,12,12,10,1,0,1
6,69,20,11,42,29,30,16,1,2,1
8,35,18,5,26,22,17,7,1,4,0
0,0,0,0,0,0,0,0,0,0,0
15,127,89,18,141,52,37,21,0,5,1
0,6,2,0,0,1,2,5,0,6,1
7,52,39,23,57,35,27,9,0,4,1
2,0,3,1,4,0,1,0,0,0,0
2,10,14,6,9,4,7,5,0,3,1
0,16,24,5,22,5,6,4,0,4,1
0,8,13,2,12,4,4,3,0,1,1
0,1,9,0,7,2,3,0,0,1,0
8,25,20,4,28,11,9,5,0,2,1
0,0,0,0,0,0,0,0,0,0,0
3,11,12,1,18,8,7,5,0,1,1
7,28,16,3,23,9,15,9,0,3,1
1,2,11,2,5,3,2,1,0,0,1
13,74,51,6,51,20,44,25,2,13,1
2,12,13,6,10,4,7,2,0,3,1
3,6,6,2,3,10,3,0,0,0,1
1,32,20,2,29,8,5,9,0,5,1
5,70,36,5,54,19,33,21,1,3,1
57,134,75,35,156,73,84,31,2,10,1
1,4,7,3,7,1,1,2,0,0,1
12,17,8,4,12,8,10,7,0,2,1
82,235,110,54,220,134,112,44,2,9,1
46,72,52,34,84,52,40,20,3,5,1
0,0,0,0,0,0,0,0,0,0,0
13,302,17,0,16,9,21,50,8,265,1
0,6,4,0,4,3,0,1,0,2,0
29,32,44,20,79,28,21,10,1,0,1
39,73,16,30,79,44,33,11,0,1,1
0,0,0,0,0,0,0,0,0,0,0
58,128,64,27,119,62,76,24,1,8,0
0,0,0,0,0,0,0,0,0,0,0
16,48,36,20,38,16,31,14,0,1,1
19,420,26,1,19,11,36,91,13,340,0
25,59,21,11,65,23,24,7,1,0,0
36,126,59,24,123,69,66,25,2,3,1
30,152,38,34,76,55,43,27,7,44,1
0,0,0,0,0,0,0,0,0,0,0
109,244,128,63,255,158,107,37,2,6,1
0,0,0,0,0,0,0,0,0,0,0
18,447,14,0,16,15,24,68,10,398,1
5,31,19,1,11,4,7,14,1,26,1
6,22,20,2,10,8,7,10,1,24,1
4,55,23,0,11,8,13,18,2,46,0
0,0,0,0,0,0,0,0,0,0,0
1,17,9,0,2,0,2,13,0,16,0
0,0,0,0,0,0,0,0,0,0,0
0,0,0,0,0,0,0,0,0,0,0
7,59,39,0,14,6,10,28,0,64,0
1,22,12,0,7,3,4,8,3,16,1
14,91,39,5,23,12,13,39,0,62,1
1,27,6,0,4,2,7,7,0,15,0
10,64,19,2,19,9,16,26,2,38,1
10,101,65,3,30,15,30,41,4,80,1
11,112,29,6,27,13,22,37,3,85,0
4,73,42,1,23,5,16,23,0,57,1
1,31,24,1,20,4,18,7,0,22,1
11,98,56,7,31,16,23,34,1,82,0
8,82,43,3,30,15,17,26,1,58,1
7,98,34,3,20,17,20,44,2,65,0
3,27,18,1,12,5,5,14,4,19,0
1,9,4,0,3,0,1,3,0,6,1
0,5,1,0,0,2,0,1,0,3,0
1,2,4,0,1,1,3,3,0,1,1
19,194,100,10,68,33,53,64,3,141,1
6,43,26,3,27,8,7,15,0,22,1
11,128,103,3,64,24,37,42,3,97,1
5,26,19,1,19,3,9,16,0,15,1
7,51,27,5,20,9,11,17,3,27,1
2,7,2,1,2,0,3,1,0,7,0
2,6,4,0,1,0,2,1,0,7,0
2,26,11,0,4,6,6,7,1,22,1
0,0,0,0,0,0,0,0,0,0,0
0,8,3,0,3,0,1,3,0,5,0
0,0,0,0,0,0,0,0,0,0,0
1,20,3,0,0,1,7,6,0,20,0
3,20,11,1,15,3,7,7,0,7,0
3,35,18,2,13,7,10,9,0,25,1
9,65,48,3,48,13,26,24,4,21,1
5,21,17,3,17,5,6,8,0,9,1
0,1,2,1,0,1,0,0,0,0,0
0,22,8,1,6,4,7,5,1,9,0
1,19,8,0,3,0,3,9,1,21,1
0,0,0,0,1,0,0,0,0,0,1
4,23,13,2,9,6,8,11,1,15,1
0,0,0,0,0,0,0,0,0,0,0
2,16,4,1,1,0,1,9,1,13,0
4,8,4,0,5,9,13,3,1,3,1
0,1,0,0,0,0,2,0,1,0,0
0,0,0,0,0,0,0,0,0,0,0
2,47,24,2,26,7,15,14,1,17,1
5,51,32,2,31,12,11,16,1,29,1
1,1,0,0,2,0,0,0,1,0,1
5,18,13,4,15,3,3,8,0,6,1
0,10,2,0,3,4,1,6,0,1,1
0,0,0,0,0,0,0,0,0,0,0
4,22,24,4,17,8,12,4,1,5,1
1,27,14,0,16,1,9,9,0,5,0
0,3,3,0,3,0,0,0,0,3,0
0,11,13,1,8,3,2,5,0,1,1
2,27,28,3,31,5,9,9,0,7,1
1,5,5,1,5,0,1,2,0,4,0
8,26,23,7,15,6,16,15,2,11,1
1,5,2,0,2,1,2,1,1,3,1
0,4,1,1,3,0,0,0,0,2,0
3,20,11,2,12,2,9,9,0,2,0
4,19,11,0,11,4,7,9,2,7,0
7,18,10,4,9,4,8,9,0,9,0
0,12,15,1,13,3,2,3,1,3,1
0,5,21,4,13,0,3,2,0,2,1
6,16,20,3,14,5,7,5,1,15,1
0,37,6,3,8,0,2,4,0,30,0
2,12,9,0,3,0,1,3,1,17,1
0,4,2,0,2,0,0,0,0,4,0
2,32,9,0,5,2,7,8,0,35,1
4,34,12,1,13,8,3,13,1,19,0
3,33,23,2,36,8,6,4,1,14,1
1,43,30,3,27,10,13,17,0,20,1
11,41,17,2,20,6,15,17,1,19,1
3,10,3,0,3,5,3,2,0,2,1
4,25,0,0,0,2,3,5,0,22,0
4,16,9,1,4,4,5,7,1,8,0
1,11,19,2,15,2,4,4,0,5,1
5,24,15,0,23,4,4,10,0,9,1
2,17,18,1,19,5,3,4,1,6,0
0,12,3,0,7,2,2,1,0,5,1
5,28,16,5,21,5,8,6,0,16,1
2,26,29,4,24,4,8,10,2,8,0
0,8,2,0,4,1,1,5,0,4,0
2,33,20,6,17,8,12,9,0,14,1
0,0,0,0,0,0,0,0,0,0,0
5,28,13,2,11,4,8,11,2,23,0
6,22,13,1,6,6,13,6,1,14,1
3,65,13,0,10,7,12,12,0,61,0
1,30,10,0,4,2,4,9,1,42,1
0,6,3,0,2,0,1,4,0,4,0
3,32,12,1,7,5,11,9,2,29,1
1,11,6,1,4,1,1,2,0,11,0
3,94,33,3,31,13,31,25,2,60,1
21,42,30,15,38,28,30,10,1,4,1
4,87,127,10,77,18,39,34,0,53,1
48,230,153,13,139,61,95,76,7,111,1
33,164,107,9,100,57,65,54,3,57,1
8,74,48,5,58,29,16,19,1,41,0
8,91,60,5,57,14,31,26,1,35,1
18,140,63,3,63,29,47,47,2,64,0
10,71,51,5,47,19,20,28,2,27,1
3,18,15,5,15,6,10,5,0,3,1
8,30,24,3,24,8,19,10,2,2,1
5,45,51,3,36,11,17,16,1,24,1
13,82,70,7,49,13,28,30,2,49,1
12,67,52,4,48,18,20,41,0,22,0
8,41,33,5,33,18,19,8,0,9,1
6,46,36,1,30,11,12,13,2,32,1
16,71,91,7,61,20,28,34,0,44,1
6,22,13,1,8,7,14,11,1,16,1
25,145,148,8,100,39,67,53,7,79,1
5,39,60,7,44,19,24,17,0,12,1
7,29,15,0,18,8,4,16,0,13,1
16,88,76,6,63,23,31,34,3,47,1
18,91,62,10,46,19,35,47,0,50,1
11,58,51,14,42,13,23,20,3,18,1
2,27,32,3,19,2,19,8,2,20,0
14,129,163,14,107,44,46,58,4,74,1
8,40,10,1,13,4,15,14,0,31,1
15,92,53,7,53,23,27,29,5,41,1
10,42,23,3,18,7,14,14,2,27,1
13,60,38,4,32,18,17,25,0,32,1
0,4,10,2,3,1,0,1,0,3,0
21,143,78,6,45,30,49,52,4,122,1
7,37,38,7,38,12,9,9,1,23,1
2,15,13,2,5,3,5,2,0,18,1
0,7,6,0,1,1,2,5,0,7,0
8,104,58,4,34,10,28,33,7,99,1
4,33,25,0,16,4,13,14,2,21,1
5,95,35,4,20,12,18,26,2,100,1
1,9,7,1,4,2,6,5,0,1,1
10,57,46,7,32,7,16,26,1,43,1
4,96,42,4,33,9,18,27,2,71,0
8,103,41,2,18,11,25,31,2,116,1
8,66,23,0,14,9,13,13,3,78,1
8,52,43,4,14,9,17,21,2,60,1
19,122,81,4,50,17,42,54,3,104,1
8,68,49,0,35,11,24,22,4,72,1
18,126,104,2,58,27,41,42,3,139,1
0,3,2,0,0,0,0,0,0,4,0
10,173,124,8,59,37,43,68,8,159,1
8,62,40,4,22,15,17,20,2,56,1
12,150,100,3,58,22,40,60,6,134,1
8,57,42,4,29,8,16,15,0,51,1
7,58,28,2,24,13,12,19,2,38,1
9,95,57,3,43,12,29,34,2,70,1
3,33,12,0,5,10,8,11,2,33,1
15,169,101,10,41,19,54,70,1,161,1
1,31,28,1,10,7,8,11,0,36,1
8,94,43,2,31,21,22,31,1,75,1
10,101,59,1,40,16,31,45,1,72,1
0,9,5,0,2,2,4,8,0,6,1
5,67,51,6,20,6,13,29,0,68,1
3,36,10,0,9,2,4,12,1,28,1
1,40,21,0,9,8,9,15,1,49,1
8,51,53,3,39,12,13,21,4,38,1
1,73,10,0,8,10,6,9,2,77,1
4,60,50,7,30,8,18,21,1,45,1
7,111,60,0,14,25,22,35,2,137,1
15,85,86,2,50,15,44,34,5,61,1
1,27,7,0,5,7,5,10,2,29,1
1,17,6,1,3,4,9,8,0,17,0
5,73,55,2,33,12,20,23,2,60,1
5,60,44,1,12,13,18,20,2,70,1
1,45,19,0,10,6,5,16,1,50,1
6,45,41,0,19,10,14,29,2,47,0
3,60,38,1,18,8,16,23,1,64,1
6,57,38,1,19,6,17,25,4,46,1
1,4,6,2,0,1,1,1,0,10,0
0,0,0,0,0,0,0,0,0,0,0
2,43,19,0,4,7,8,14,3,57,1
5,47,24,1,11,9,13,16,3,48,1
5,54,41,2,22,8,12,24,5,47,1
2,25,23,1,15,5,11,10,0,21,1
8,59,37,0,29,7,14,9,1,60,1
0,0,0,0,0,0,0,0,0,0,0
16,121,100,2,55,28,51,63,2,62,1
3,30,46,0,23,9,22,18,1,17,1
1,29,1,0,0,2,7,10,0,19,0
0,30,3,0,4,3,5,5,0,35,0
0,10,0,0,0,0,0,1,0,10,1
7,44,24,3,35,11,19,13,1,3,0
0,56,0,0,2,6,3,8,0,53,0
25,100,96,10,71,24,38,44,6,48,0
7,52,33,1,22,12,12,17,2,38,1
7,72,75,6,42,18,35,28,6,41,1
8,32,21,3,10,4,11,17,1,20,1
10,46,58,4,30,9,27,24,0,26,1
6,23,29,0,11,7,18,16,1,13,1
8,89,52,1,18,11,25,29,1,72,1
19,198,98,3,37,25,65,75,2,144,1
12,80,64,8,51,19,29,26,1,35,1
16,200,99,1,49,33,57,78,4,148,1
8,47,26,1,12,3,11,28,2,54,1
0,0,325,6,197,67,21,24,0,7,1
18,75,99,2,70,15,30,42,5,39,1
6,57,99,3,32,17,24,33,1,68,1
7,74,44,3,32,13,21,24,3,62,1
4,199,83,2,34,30,41,50,4,193,1
55,141,54,24,104,72,74,41,4,16,1
0,0,0,0,0,0,0,0,0,0,0
58,219,108,72,224,129,90,36,1,4,1
72,243,114,84,281,152,100,36,1,6,0
0,0,0,0,0,0,0,0,0,0,0
0,0,0,0,0,0,0,0,0,0,0
0,0,0,0,0,0,0,0,0,0,0
0,3,4,0,5,1,0,0,0,0,1
0,5,2,0,1,0,0,2,0,5,1
12,118,85,1,46,20,33,59,2,97,1
3,8,22,5,12,2,10,3,0,0,1
4,51,5,0,4,8,13,20,1,56,1
22,57,94,35,106,23,20,17,0,4,1
17,66,72,21,73,29,27,17,2,7,1
35,125,75,37,127,63,55,19,4,7,1
14,436,23,0,23,17,34,88,13,368,1
0,0,0,0,0,0,0,0,0,0,0
14,267,28,0,20,20,31,66,4,250,1
59,361,105,54,165,108,97,83,6,162,1
16,70,31,6,43,22,29,23,0,12,1
3,22,2,0,12,4,10,4,0,3,0
7,34,11,1,21,6,15,12,0,7,1
1,64,8,0,12,8,8,4,0,44,1
2,11,8,2,15,9,5,1,0,2,1
2,17,15,5,15,3,2,6,0,12,0
3,26,10,3,12,3,6,6,2,13,1
11,204,34,1,30,22,40,76,3,167,1
1,3,5,0,6,0,5,1,0,2,0
0,1,1,0,2,0,0,0,0,0,0
0,0,0,0,0,0,0,0,0,0,0
12,147,127,4,50,18,33,63,5,175,1
5,140,5,0,3,8,9,37,5,107,1
75,219,83,51,181,112,137,51,1,11,1
0,5,0,0,0,0,1,1,0,3,1
0,0,0,0,0,0,0,0,0,0,0
2,15,14,2,9,4,5,7,0,5,1
3,69,6,0,13,16,12,11,1,68,1
14,229,9,1,11,8,20,55,4,186,0
0,0,0,0,0,0,0,0,0,0,0
0,0,0,0,0,0,0,0,0,0,0
7,100,22,0,4,8,9,31,0,118,0
46,217,80,37,168,57,75,46,4,45,1
0,5,1,0,1,1,0,1,0,4,1
4,125,14,0,8,7,7,28,2,115,0
5,178,24,0,13,9,13,28,2,165,1
0,0,0,0,0,0,0,0,0,0,0
0,25,10,0,2,0,1,1,0,29,0
10,200,119,0,36,30,40,56,3,235,1
0,1,9,0,7,1,1,1,0,0,1
0,0,0,0,0,0,0,0,0,0,0
14,186,131,3,51,24,52,82,8,198,1
8,153,124,2,50,14,42,72,0,166,1
10,118,89,1,38,19,44,32,1,118,1
12,244,12,3,12,14,27,48,0,212,1
9,162,15,0,5,2,11,24,3,160,1
9,180,9,2,13,11,13,43,0,146,1
6,195,13,0,6,10,12,41,13,191,0
3,106,33,2,15,11,22,28,1,98,1
19,338,51,0,34,46,48,68,5,366,0
5,126,8,0,9,8,19,16,1,108,1
14,225,17,0,16,12,21,43,3,211,1
0,0,0,0,0,0,0,0,0,0,0
14,195,2,1,3,2,11,35,6,165,1
0,0,0,0,0,0,0,0,0,0,0
0,2,0,0,0,0,1,0,0,0,1
14,184,61,4,36,18,34,56,2,192,1
0,0,0,0,0,0,0,0,0,0,0
0,0,0,0,0,0,0,0,0,0,0
3,84,12,0,11,10,8,21,1,78,1
3,76,3,1,7,10,20,17,1,64,1
13,159,2,0,8,7,19,40,5,115,1
20,222,193,3,61,22,76,91,7,232,1
14,123,96,1,47,18,35,37,1,118,1
8,135,22,0,12,13,25,31,3,135,1
18,323,52,1,41,43,58,102,5,270,1
0,0,0,0,0,0,0,0,0,0,0
0,0,0,0,0,0,0,0,0,0,0
9,168,24,1,20,21,23,45,2,172,1
11,91,137,7,67,27,31,40,2,86,1
5,56,15,0,2,2,16,18,2,43,1
8,112,17,0,9,8,17,34,1,106,1
4,111,15,0,11,6,19,24,7,91,1
5,74,61,2,16,9,27,26,2,82,1
1,85,37,0,14,10,16,31,2,97,0
8,113,76,2,18,13,25,45,3,135,1
11,180,57,3,16,19,45,58,3,169,1
18,166,133,6,25,17,36,80,7,231,1
7,112,7,0,4,11,13,28,1,118,1
2,41,11,0,2,1,5,21,0,45,1
2,51,7,0,8,8,10,17,2,47,1
0,0,0,0,0,0,0,0,0,0,0
1,31,2,0,6,5,6,5,0,31,1
9,115,15,0,10,8,15,28,1,98,1
6,136,22,0,9,11,21,40,4,127,1
3,75,20,1,10,10,11,23,2,79,1
6,85,45,2,20,14,19,32,1,77,1
8,69,40,0,17,4,14,33,2,75,1
8,166,17,0,8,7,4,37,1,171,1
1,60,5,0,1,4,4,9,1,66,1
5,61,7,0,6,5,14,13,2,50,1
7,66,7,0,2,7,9,17,1,63,1
10,187,193,4,76,34,68,93,6,201,1
0,0,0,0,0,0,0,0,0,0,0
13,172,31,1,24,16,39,51,3,146,1
11,131,23,0,25,9,21,44,1,105,1
15,183,29,0,10,17,29,48,1,178,1
8,189,27,0,13,7,14,36,2,177,1
8,66,58,1,21,9,19,47,5,85,1
0,0,4,1,11,3,7,4,0,0,1
11,121,77,4,29,14,35,47,3,129,1
2,58,47,1,19,8,11,24,2,60,1
0,0,0,0,0,0,0,0,0,0,0
15,100,78,2,47,25,33,40,1,76,1
13,93,76,19,51,22,37,23,3,58,0
67,432,151,35,190,120,128,119,2,284,1
25,513,96,1,38,47,55,102,5,527,1
3,82,42,1,30,10,15,21,1,75,1
8,59,41,1,28,7,21,20,2,41,1
0,15,7,0,1,2,4,5,0,18,1
22,248,66,1,21,17,44,93,8,232,1
10,277,67,2,20,31,60,103,3,256,0
24,281,71,0,30,34,55,67,6,293,1
27,102,83,30,103,31,51,23,1,3,1
2,45,7,0,1,2,8,14,1,39,1
7,101,37,1,13,6,18,32,3,111,1
9,217,43,0,21,18,43,78,3,199,1
3,78,31,1,20,6,13,21,1,79,0
2,35,10,0,9,0,4,7,0,39,0
4,44,22,3,10,3,14,11,2,45,1
5,68,41,3,22,8,19,22,2,52,1
28,377,97,2,22,20,56,124,11,370,1
7,90,38,1,11,7,13,36,3,81,1
6,82,49,0,8,5,12,21,3,114,1
0,0,0,0,0,0,0,0,0,0,0
4,51,24,2,10,6,14,19,0,45,1
18,352,60,2,24,31,47,99,9,339,1
1,45,3,0,4,2,2,4,1,43,0
0,0,0,0,0,0,0,0,0,0,0
14,196,99,8,43,17,41,84,0,186,1
22,497,53,2,46,33,70,104,12,456,1
10,216,59,2,20,11,31,62,4,236,1
5,85,40,4,19,10,19,31,0,82,1
24,318,56,5,16,32,43,90,8,291,1
1,17,9,0,2,2,4,6,1,22,0
16,221,34,1,19,24,36,79,4,211,1
7,90,34,0,14,14,27,27,1,91,1
0,11,26,0,8,4,6,4,0,15,1
8,67,36,0,14,10,13,20,4,76,1
4,72,25,0,9,8,10,20,1,77,1
5,138,51,1,13,18,33,39,2,138,1
0,0,0,0,0,0,0,0,0,0,0
11,119,46,1,14,7,23,53,3,124,1
9,248,39,1,27,32,38,52,3,263,1
11,184,74,0,20,15,32,78,6,190,1
12,119,46,1,7,16,31,49,2,128,1
8,69,11,0,9,6,3,12,0,73,1
8,112,48,1,26,8,23,25,1,106,1
0,0,0,0,0,0,0,0,0,0,0
3,26,14,2,8,4,5,17,0,16,0
11,195,50,0,20,20,33,66,3,211,1
1,20,12,0,8,6,8,5,2,14,1
10,92,25,1,7,10,15,27,2,105,1
12,115,48,2,8,18,12,37,2,142,1
11,146,34,1,8,12,38,46,1,146,1
7,48,27,6,17,8,12,8,1,43,1
0,28,9,2,3,5,7,8,0,21,0
1,3,1,0,0,1,2,3,0,1,1
4,12,2,1,5,1,5,5,1,8,0
2,6,2,2,1,2,1,2,0,3,0
0,0,0,0,0,0,0,0,0,0,0
0,0,0,0,0,0,0,0,0,0,0
0,4,0,0,0,0,0,1,0,3,0
4,38,6,2,5,2,8,6,1,33,0
0,1,0,0,1,0,0,0,0,0,1
1,4,5,0,3,2,0,4,0,1,1
1,12,5,1,6,3,3,3,0,3,0
4,11,4,1,2,2,1,7,0,10,0
0,0,0,0,0,0,0,0,0,0,0
6,21,9,1,6,0,10,10,1,13,0
0,0,0,0,0,1,0,1,0,0,0
5,34,4,1,4,6,11,8,1,25,0
1,7,4,0,2,0,4,5,0,5,1
1,14,2,0,1,1,2,1,0,15,0
0,16,12,0,9,4,1,9,0,8,1
0,0,0,0,0,0,0,0,0,0,0
0,20,1,0,1,2,4,7,0,17,0
3,34,9,0,5,2,6,8,0,40,0
2,26,33,8,23,4,6,6,2,19,1
0,22,1,0,1,0,3,3,0,19,0
2,27,6,1,4,3,4,10,0,15,0
0,0,0,0,0,0,0,0,0,0,0
16,225,104,9,109,57,111,97,3,42,1
4,78,24,2,25,21,33,32,1,22,1
0,0,0,0,0,0,0,0,0,0,0
11,35,36,18,39,11,10,9,1,2,1
28,163,110,25,166,41,62,39,2,26,1
23,113,66,13,78,31,60,46,3,16,1
92,260,171,75,240,123,109,48,4,17,1
0,0,0,0,0,0,0,0,0,0,0
36,118,62,24,93,41,59,30,1,4,1
0,0,0,0,0,0,0,0,0,0,0
0,0,0,0,0,0,0,0,0,0,0
117,316,192,63,322,158,133,65,6,24,1
29,302,96,3,89,51,103,136,11,133,1
15,123,32,2,47,23,52,47,1,43,1
0,6,0,0,0,1,0,0,0,5,0
6,50,29,4,28,20,23,25,0,13,1
0,1,0,0,0,0,1,0,0,0,0
40,166,166,31,186,64,84,58,3,18,1
0,1,50,0,31,5,6,4,0,0,1
10,114,104,24,129,37,46,29,2,5,1
22,91,99,24,116,37,41,28,2,9,1
0,0,0,0,0,0,0,0,0,0,1
49,188,250,76,275,86,81,43,0,6,1
0,0,0,0,0,0,0,0,0,0,0
17,159,79,5,102,56,81,66,4,34,1
23,190,96,5,152,64,99,74,3,31,0
4,8,16,2,12,5,4,4,0,2,0
2,5,0,0,1,5,4,0,0,0,1
10,56,79,5,45,22,40,35,1,50,1
17,70,86,26,91,41,40,20,1,4,1
17,107,145,21,147,33,49,35,1,10,1
0,5,0,0,1,2,2,0,0,0,1
12,52,51,8,42,32,20,22,0,5,1
6,40,50,3,45,15,16,16,0,10,1
0,10,9,1,12,1,3,4,0,0,1
3,61,22,3,33,15,33,13,1,9,1
78,332,138,62,294,126,159,67,4,15,1
31,167,70,3,80,35,72,64,3,64,1
18,71,108,21,108,35,34,18,1,8,1
71,236,144,27,198,100,88,86,4,41,1
0,0,0,0,0,0,0,0,0,0,0
35,102,40,27,79,44,55,15,1,3,1
2,49,3,1,9,1,6,13,2,34,1
19,102,35,6,67,23,40,33,2,16,1
18,103,49,19,70,39,42,12,1,2,0
28,131,122,23,142,46,51,37,0,13,1
16,175,94,8,66,35,62,84,3,99,1
33,194,218,30,188,69,81,68,5,71,1
8,83,39,3,46,16,26,36,0,23,1
2,13,19,0,25,4,6,5,0,0,0
22,112,103,31,134,40,47,26,1,6,1
33,162,232,43,224,72,78,41,3,18,1
0,0,0,0,0,0,0,0,0,0,0
11,64,57,6,40,15,27,24,5,29,1
29,150,188,40,196,59,69,42,0,9,1
8,47,68,17,69,11,20,6,2,2,1
37,86,39,18,86,41,36,24,1,0,0
38,145,61,28,123,56,56,26,0,8,1
110,253,157,54,210,128,157,82,2,23,1
0,0,0,0,0,0,0,0,0,0,0
39,75,32,20,83,43,38,11,0,4,1
102,232,81,33,213,123,126,45,5,6,0
0,0,0,0,0,0,0,0,0,0,0
11,247,6,15,13,20,29,60,2,155,1
0,1,0,8,2,0,0,0,0,0,1
8,41,60,11,51,18,26,16,1,4,1
19,104,84,7,107,26,53,29,2,15,1
5,138,13,1,14,19,28,50,5,59,1
9,112,81,15,90,30,64,30,2,13,1
23,91,103,35,93,33,45,32,2,9,1
18,76,76,25,82,38,27,17,2,9,1
3,11,5,0,7,4,6,2,0,0,1
0,15,12,3,15,7,5,2,0,0,0
2,17,18,1,24,7,10,4,0,0,1
1,10,14,3,16,0,5,1,0,2,0
0,6,9,4,6,1,2,0,0,1,1
3,26,26,3,28,12,11,5,1,3,0
23,285,118,5,92,39,74,119,2,151,1
27,238,156,8,122,54,80,84,5,96,1
0,0,0,0,0,0,0,0,0,0,0
5,18,18,6,22,9,5,5,1,1,1
9,22,8,4,17,10,9,5,0,1,1
13,212,5,3,8,12,27,41,6,158,1
25,95,104,24,99,34,45,40,2,16,1
8,120,18,1,27,14,24,38,2,68,1
19,274,37,0,20,23,48,114,9,159,0
4,27,30,0,19,10,8,19,0,6,1
6,45,56,4,50,18,19,12,2,9,1
5,68,51,1,27,17,28,19,2,44,1
0,3,0,0,1,2,2,0,0,0,1
0,0,0,0,0,0,0,0,0,0,0
0,0,0,0,0,0,0,0,0,0,0
5,8,5,2,7,1,5,1,0,2,0
0,0,0,0,0,0,0,0,0,0,0
0,1,9,1,6,0,0,2,0,0,0
2,2,2,0,2,2,1,0,0,1,1
4,200,23,12,24,20,40,52,5,115,0
0,0,0,0,0,0,0,0,0,0,0
29,127,41,25,84,43,69,32,1,5,1
4,93,13,1,32,21,30,27,2,30,1
0,0,0,1,0,0,0,0,0,0,1
94,453,136,99,263,150,211,123,9,70,1
21,126,113,21,117,46,80,35,2,13,1
34,154,115,34,144,54,67,48,2,10,1
6,29,10,1,9,5,18,10,3,5,0
3,21,15,4,15,6,15,5,0,0,0
23,162,350,133,206,80,81,61,4,26,1
0,0,0,0,0,0,0,0,0,0,0
56,174,84,43,171,104,81,33,1,6,1
13,188,16,3,25,34,53,54,9,75,0
89,247,73,53,188,120,133,49,3,7,1
0,0,0,0,0,0,0,0,0,0,0
77,274,246,56,301,107,157,102,7,32,1
4,25,38,18,28,11,12,7,0,4,0
5,15,17,8,18,8,13,3,0,0,1
8,72,71,17,72,20,26,14,2,8,1
7,39,36,8,36,21,19,13,2,1,1
12,84,106,23,93,27,43,15,1,8,1
1,4,14,8,7,4,1,0,0,0,1
7,30,41,13,41,11,14,8,0,1,1
0,0,0,0,0,0,0,0,0,0,0
0,0,2,0,0,0,0,0,0,0,1
26,219,36,7,62,59,86,72,7,60,0
21,172,20,18,39,35,34,53,2,88,1
39,152,128,18,148,50,74,46,5,18,1
3,9,25,6,25,6,2,1,0,0,1
1,4,42,15,30,4,1,1,0,1,1
18,81,93,27,90,35,34,13,1,6,1
6,48,56,16,67,10,22,9,2,2,1
124,470,133,81,325,178,207,141,13,44,1
2,4,2,1,4,0,1,1,0,1,1
0,0,0,0,0,0,0,0,0,0,0
54,210,118,28,169,82,99,71,5,31,1
23,195,176,45,165,72,87,66,1,31,1
16,178,22,4,44,35,74,57,6,49,1
0,2,0,0,1,2,0,0,0,0,0
32,260,116,42,218,108,72,45,2,6,1
12,49,21,20,46,31,20,12,1,1,0
9,65,73,18,72,20,23,23,1,4,1
0,0,0,0,0,0,0,0,0,0,0
0,0,0,0,0,0,0,0,0,0,0
18,171,34,1,54,44,65,75,1,64,1
27,95,76,11,113,46,48,27,3,6,1
53,221,151,45,230,127,93,32,0,6,1
0,0,0,0,0,0,0,0,0,0,0
10,71,69,11,69,43,24,19,3,8,1
11,45,30,9,36,21,21,6,1,5,1
13,39,14,9,34,16,19,5,1,1,1
0,0,0,0,0,0,0,0,0,0,0
0,0,0,0,0,0,0,0,0,0,0
17,54,74,15,92,27,26,14,0,3,1
61,353,112,37,315,110,130,63,5,12,1
22,65,56,17,90,29,38,12,2,1,1
0,0,0,0,0,0,0,0,0,0,0
28,87,26,12,70,51,55,21,1,3,1
56,106,42,29,122,78,54,19,2,1,1
28,48,17,14,48,26,33,9,0,0,1
0,0,0,0,0,0,0,0,0,0,0
0,0,4,18,5,0,2,0,0,0,1
0,0,0,0,0,0,0,0,0,0,0
20,55,54,5,46,21,43,22,1,14,1
0,0,0,0,0,0,0,0,0,0,0
4,14,7,1,11,9,6,6,0,0,1
12,38,25,4,36,22,12,10,0,0,1
3,9,7,1,5,2,10,4,0,1,1
0,0,0,0,0,0,0,0,0,0,0
0,0,3,0,2,0,0,0,0,0,1
5,20,44,7,48,11,8,7,0,1,0
16,52,19,4,48,38,20,13,0,2,1
36,86,31,25,94,57,43,15,0,1,0
14,47,42,6,54,17,20,16,0,1,1
3,16,24,3,9,1,8,7,0,13,1
4,20,26,4,14,4,7,6,0,21,1
5,36,13,3,11,6,12,5,1,30,1
0,18,13,4,7,1,3,10,0,7,1
3,38,34,6,25,5,10,13,0,28,1
10,83,53,8,47,15,28,25,3,44,1
9,52,44,1,32,10,21,28,1,24,1
1,21,13,0,4,2,6,15,1,18,1
3,30,21,2,15,8,4,14,1,26,1
11,34,39,7,31,9,9,12,1,23,1
17,118,71,12,53,20,36,40,2,65,1
7,91,56,4,41,19,22,24,5,55,1
2,27,21,3,15,2,11,11,3,7,1
14,71,41,4,24,18,19,23,2,48,1
6,68,28,2,19,11,10,17,1,62,1
6,41,22,2,13,6,14,10,2,33,1
1,4,4,9,9,0,1,2,0,3,1
4,59,21,0,16,7,8,19,1,52,1
1,40,9,1,4,5,3,7,0,38,1
20,104,68,8,38,17,32,32,5,83,1
8,87,38,2,34,10,23,23,1,65,1
0,5,4,1,6,1,4,1,0,0,0
32,116,83,9,74,43,41,39,4,55,1
7,40,25,0,24,13,18,10,0,22,1
10,32,41,5,38,12,16,16,1,8,1
12,87,49,5,31,21,27,31,2,66,1
1,9,6,0,2,2,4,2,1,12,1
3,37,29,6,25,6,12,8,1,19,1
0,3,1,0,0,0,3,0,0,4,0
3,49,33,8,33,9,17,11,3,18,1
5,36,24,3,14,6,10,11,0,34,0
15,83,43,8,40,15,32,23,0,50,1
15,40,32,4,30,18,23,23,0,11,1
5,35,16,0,21,7,17,9,1,16,0
14,53,38,5,26,12,16,26,2,42,1
37,136,67,9,71,36,49,53,5,56,0
3,31,14,0,4,7,2,19,0,32,1
1,72,53,2,11,17,17,26,4,80,1
2,42,28,1,16,9,7,21,1,36,1
0,0,0,0,0,0,0,0,0,0,0
30,523,60,1,33,11,37,80,16,490,1
8,54,48,1,15,13,21,32,3,44,1
3,27,15,1,2,3,5,7,0,32,1
0,5,4,0,0,2,3,0,0,6,1
16,33,26,9,51,17,14,9,0,4,1
24,85,67,18,65,40,38,30,0,26,1
16,11,10,8,25,7,8,5,0,0,0
5,51,51,5,26,12,19,25,1,32,1
0,0,0,0,0,0,0,0,0,0,0
1,21,1,0,3,8,6,7,1,21,1
10,56,36,3,27,9,20,23,1,41,1
6,45,93,4,51,9,24,19,1,49,1
15,232,88,1,16,28,43,63,4,282,1
9,44,49,5,33,10,21,18,2,23,1
6,37,40,5,29,10,10,8,2,30,1
5,27,17,0,11,6,5,15,0,17,1
56,249,169,41,163,53,78,84,3,159,1
10,169,37,1,22,25,34,50,2,181,0
13,93,66,7,50,31,30,36,3,46,1
1,1,0,0,0,0,0,0,0,0,0
6,157,47,1,9,12,24,45,1,184,1
0,0,0,0,0,0,0,0,0,0,0
9,98,43,2,20,15,35,32,1,99,1
5,41,48,1,14,11,8,14,2,63,1
8,79,44,0,24,11,18,32,2,77,0
10,78,80,3,54,16,35,18,1,51,1
9,74,60,0,35,12,24,29,2,58,1
1,13,7,0,2,2,10,4,2,7,1
10,56,57,3,40,11,17,22,3,42,1
6,77,91,6,49,22,33,36,5,45,1
9,25,26,5,27,5,5,9,2,14,1
0,0,0,0,0,0,0,0,0,0,0
6,66,41,0,14,15,12,22,4,79,1
14,108,123,5,56,20,41,59,4,101,1
25,86,74,23,77,29,39,23,2,32,1
32,56,31,27,81,24,32,13,2,6,1
3,47,33,1,19,7,13,26,1,25,1
0,0,0,0,0,0,0,0,0,0,0
5,40,36,0,13,7,19,20,0,44,0
7,67,39,0,13,9,13,21,4,85,0
7,62,59,4,45,9,16,31,2,38,1
6,114,107,7,52,21,35,38,2,97,1
8,79,65,3,34,16,22,20,2,62,1
3,68,57,1,22,17,26,23,0,58,1
4,70,59,6,41,6,20,19,0,58,1
1,63,32,1,15,8,11,31,2,63,1
3,14,10,0,2,1,3,3,0,20,0
3,60,26,0,16,5,12,27,1,59,1
0,0,0,0,0,0,0,0,0,0,0
8,74,45,8,42,15,19,23,1,45,1
12,77,53,6,41,21,29,28,3,35,1
8,35,20,0,17,10,14,21,1,22,0
1,6,4,1,2,3,2,5,0,0,1
7,53,34,6,12,6,17,19,1,51,1
9,146,83,4,28,26,34,54,4,165,1
6,89,55,0,20,11,25,50,1,105,1
6,67,30,0,15,12,10,21,2,79,1
5,15,21,0,2,2,7,16,0,17,1
5,44,15,0,3,4,16,16,1,38,1
4,61,50,13,22,10,14,22,2,53,1
2,38,32,0,13,6,11,20,1,30,1
7,47,29,5,15,8,39,17,2,44,1
4,129,68,2,39,17,29,35,0,122,1
6,118,85,1,22,19,34,29,4,136,1
1,21,15,1,3,6,18,9,1,9,0
3,34,24,0,9,5,7,13,1,49,1
10,152,106,1,38,17,42,74,6,141,1
7,82,37,1,16,12,25,28,2,79,1
11,107,73,2,33,21,35,50,4,126,1
0,0,0,0,0,0,0,0,0,0,0
0,0,0,0,0,0,0,0,0,0,0
0,3,1,0,3,1,1,0,0,0,1
12,195,86,7,54,20,39,66,3,161,1
10,91,29,7,22,13,25,42,2,73,1
5,82,51,1,22,8,26,30,5,86,1
12,178,74,4,35,23,35,67,4,169,1
3,88,51,2,27,10,15,36,3,72,1
8,113,51,2,19,17,24,48,2,108,1
6,100,55,6,32,16,28,39,1,98,1
4,55,22,2,12,5,10,13,1,61,1
4,41,24,0,14,3,8,27,1,34,1
6,44,17,1,12,6,7,19,0,49,1
13,120,68,0,20,20,17,49,3,135,1
11,123,77,2,31,17,29,39,2,135,1
4,52,18,1,11,3,6,21,1,47,1
9,75,33,0,17,14,14,28,1,79,0
16,182,105,6,53,35,44,76,6,166,1
9,78,48,2,27,18,25,33,0,68,1
12,71,44,6,32,16,21,29,2,41,0
9,75,63,9,50,11,35,40,1,38,1
12,108,53,2,33,19,40,44,2,90,0
27,150,80,5,60,31,54,51,4,75,1
3,23,18,1,9,2,6,11,0,19,1
13,118,76,4,45,21,40,42,1,77,1
8,82,62,7,43,19,24,30,1,42,1
6,51,32,4,31,10,12,21,6,17,1
3,27,12,3,8,5,5,6,0,15,1
1,14,12,0,10,5,5,4,0,3,1
3,18,6,2,6,3,3,6,0,11,0
5,24,16,3,15,10,5,8,0,6,0
10,45,24,2,31,15,14,24,3,9,1
4,20,21,1,18,7,7,6,1,4,1
55,218,144,19,104,68,84,84,4,92,0
12,119,45,1,28,23,29,35,1,77,1
21,68,45,11,39,17,25,24,2,23,1
0,0,0,0,0,0,0,0,0,0,0
0,0,0,0,0,0,1,0,0,2,0
2,22,12,1,8,3,7,9,0,10,1
9,83,60,1,59,21,35,30,1,50,0
13,60,34,12,43,8,22,13,2,19,0
2,8,5,1,9,4,2,4,0,0,0
12,25,10,4,17,7,11,7,2,2,0
3,9,8,0,8,3,7,1,0,3,1
0,2,4,0,6,2,0,1,0,0,1
4,34,11,2,9,5,7,12,0,26,0
2,24,16,2,14,3,4,8,4,9,0
2,9,5,2,4,7,2,4,0,2,1
8,53,19,1,20,10,11,10,0,33,1
8,17,19,0,16,3,11,6,1,10,1
5,47,58,4,40,16,12,22,1,17,1
13,73,52,12,53,31,31,22,4,14,1
2,15,10,1,14,3,2,5,1,4,1
1,10,10,2,10,1,4,3,0,6,0
9,59,37,6,44,20,25,17,1,6,1
6,30,14,3,12,5,7,17,1,10,0
7,29,16,2,19,6,13,9,1,9,1
7,25,11,3,14,6,8,9,0,9,0
13,132,80,10,69,36,47,44,8,42,1
17,145,73,7,54,30,33,57,4,82,1
22,188,68,8,64,48,49,79,4,79,1
14,193,138,11,97,32,62,75,5,106,1
35,257,133,24,103,49,65,94,11,133,1
9,111,113,3,64,10,63,51,1,65,1
27,257,169,13,123,51,95,99,9,135,1
24,231,140,15,90,34,68,67,3,164,1
30,154,138,3,67,33,71,70,7,122,1
21,160,113,6,89,26,63,76,8,57,1
17,134,142,5,77,31,64,74,1,78,1
20,104,75,10,57,24,43,56,6,40,1
11,74,43,4,37,20,33,34,2,21,1
38,274,226,38,175,72,106,117,8,107,1
9,50,26,1,27,12,19,16,1,14,1
27,156,127,9,97,27,55,76,8,75,1
2,20,13,1,9,4,16,2,1,6,1
12,71,64,3,47,15,29,32,3,26,1
8,92,47,1,44,21,30,31,3,36,1
17,246,114,7,86,46,96,83,3,168,1
30,148,128,37,126,52,60,34,5,41,1
2,28,6,0,8,1,3,8,2,22,0
14,108,82,4,70,12,36,43,7,51,1
12,60,36,1,32,8,26,21,1,29,1
32,400,97,12,97,44,67,115,11,238,1
7,45,75,9,58,16,16,12,1,17,1
14,77,44,19,37,18,35,25,2,15,1
6,46,40,4,48,13,14,16,1,8,1
29,302,195,11,130,72,99,118,10,150,1
29,190,146,6,90,36,66,90,7,112,1
17,99,70,8,46,21,44,59,2,35,1
9,41,30,5,32,9,16,14,0,10,1
12,14,5,2,16,11,8,2,1,1,0
22,69,29,8,44,24,25,36,1,18,1
18,95,86,8,76,29,43,43,0,26,1
1,22,10,1,4,4,11,8,0,4,1
3,11,14,1,11,7,8,4,0,1,1
2,23,5,1,7,5,8,6,2,3,0
2,16,10,1,11,4,7,7,0,2,1
21,214,116,5,88,31,70,81,5,131,1
7,65,40,2,32,21,19,25,2,28,1
8,58,71,5,31,10,26,36,2,45,1
8,51,47,4,39,18,21,22,0,16,1
30,346,199,19,149,75,111,132,11,190,1
0,0,0,0,0,0,0,0,0,0,0
9,10,16,2,18,9,4,3,1,0,1
0,12,16,3,14,4,4,2,0,1,0
3,19,23,3,22,8,4,5,0,9,1
11,40,38,5,47,21,20,10,1,1,1
4,27,31,4,32,12,10,7,1,5,0
21,183,180,18,138,54,68,57,7,88,1
28,152,144,10,96,51,61,60,0,100,1
39,109,75,35,107,63,68,18,1,1,1
0,0,0,0,0,0,0,0,0,0,0
1,10,3,1,3,7,3,4,0,1,1
8,50,31,4,31,10,16,15,1,24,1
4,17,13,2,11,8,7,1,1,4,1
33,207,123,18,123,58,79,72,5,70,1
6,423,14,0,25,36,68,76,5,425,0
15,158,59,3,36,30,56,54,4,125,1
16,291,131,10,78,52,70,96,4,245,1
1,35,14,0,4,5,6,14,1,39,0
8,69,34,0,12,10,15,33,1,66,1
2,43,14,0,13,7,10,12,2,33,1
6,48,17,5,9,4,12,10,2,31,1
4,17,12,1,14,7,5,4,2,6,1
10,111,45,2,22,20,29,51,4,103,1
13,93,63,5,39,15,27,28,1,78,1
15,106,74,7,72,23,37,42,3,43,1
6,26,19,3,17,5,8,11,1,7,1
0,3,6,0,9,0,1,2,0,0,0
2,11,15,4,9,5,8,8,0,3,1
1,25,8,0,7,3,7,7,0,27,1
5,80,35,2,30,9,15,19,2,71,1
1,26,14,0,7,8,6,7,0,29,1
4,36,22,2,16,7,7,9,1,20,1
2,81,13,0,6,14,15,25,2,76,0
2,36,16,2,14,5,7,10,0,29,1
0,12,3,1,1,0,2,10,0,3,1
2,21,19,2,21,4,7,10,1,15,0
1,4,9,0,10,2,0,1,0,3,1
2,21,14,1,5,7,6,15,0,10,0
0,9,7,0,5,2,8,4,0,3,1
3,53,39,1,38,9,18,22,3,18,1
10,91,16,2,12,9,9,26,1,67,0
0,0,0,0,0,0,0,0,0,0,0
0,0,0,0,0,0,0,0,0,0,0
4,27,14,2,13,9,9,13,1,8,1
7,25,27,4,27,4,6,17,1,17,0
4,20,16,4,8,6,10,7,0,6,1
3,26,15,2,14,2,11,7,0,20,1
3,21,20,6,19,2,9,11,0,3,1
17,173,92,8,79,36,52,48,5,108,1
7,31,25,3,20,11,14,11,2,10,1
4,48,26,1,13,6,7,22,0,42,1
4,50,40,2,23,13,21,20,0,32,1
10,72,48,9,39,14,16,19,5,45,1
8,36,34,4,39,11,13,11,1,9,1
0,6,1,0,0,1,1,3,1,3,1
3,17,5,0,6,6,5,7,0,9,1
1,15,11,0,5,2,6,12,0,12,0
2,28,5,0,8,6,3,10,2,22,1
8,47,20,4,15,11,15,8,4,31,0
1,4,3,0,2,1,2,1,0,6,1
20,61,33,11,52,19,26,23,1,27,1
1,19,10,2,4,0,8,17,1,12,1
7,69,27,1,26,14,12,25,0,40,1
4,23,9,0,9,1,8,4,2,23,1
1,12,2,0,0,0,1,4,2,14,0
0,12,1,0,0,2,1,4,0,11,0
0,6,1,1,0,0,0,1,0,6,0
1,30,11,0,4,2,4,8,0,31,1
0,0,1,0,0,0,0,0,0,1,0
9,76,32,3,33,21,12,25,1,35,1
6,26,20,0,16,6,7,9,0,19,0
5,42,26,4,27,10,16,10,2,19,1
8,33,16,3,21,9,9,7,2,20,1
3,6,0,0,1,1,0,5,0,3,0
1,19,26,5,21,4,3,8,0,11,1
0,24,3,1,1,0,2,4,0,21,1
0,7,0,0,1,3,4,2,0,4,0
2,34,17,2,19,8,5,5,0,23,0
5,28,15,0,11,7,7,8,2,12,1
4,14,53,8,21,3,4,8,2,7,1
2,21,11,0,7,10,9,4,1,12,1
1,17,8,0,7,2,6,5,0,7,1
3,25,20,5,15,5,6,5,0,16,0
7,25,14,5,10,6,6,11,2,17,1
2,28,14,0,11,7,8,11,0,18,0
1,18,20,4,20,3,3,7,1,7,1
17,60,42,2,33,10,26,20,2,37,1
4,20,9,1,9,1,6,7,0,13,1
13,57,23,2,25,3,17,19,5,31,1
0,22,10,1,6,3,2,3,1,19,1
4,28,29,5,32,4,15,13,0,8,0
3,39,26,4,15,8,16,13,2,23,0
0,10,8,0,3,2,3,2,1,10,1
5,28,12,4,10,6,3,8,3,15,0
3,30,16,0,15,4,8,16,1,16,1
3,32,15,2,12,9,6,11,0,20,0
2,12,6,2,7,5,4,3,1,4,0
7,32,27,1,15,10,12,15,0,19,1
9,68,26,2,23,7,10,23,2,54,1
0,0,0,0,0,0,0,0,0,0,0
12,63,32,8,33,10,17,31,1,27,1
3,25,9,4,9,1,8,5,1,11,0
5,39,30,5,23,5,8,18,0,23,1
6,50,18,2,10,3,11,11,3,43,1
0,0,0,0,0,0,0,0,0,0,0
13,147,58,3,51,27,25,49,4,105,0
11,48,41,3,31,16,32,15,0,25,1
6,62,31,6,29,11,23,20,1,24,1
1,26,8,1,4,4,5,5,1,19,1
0,0,0,0,0,0,0,0,0,0,0
2,16,8,1,10,5,7,5,0,4,1
2,16,14,1,10,0,5,11,2,9,0
7,38,28,4,23,4,9,16,2,16,1
9,61,29,6,23,12,13,27,1,18,1
4,32,17,3,13,5,4,9,2,16,1
11,51,24,8,24,19,11,17,1,24,1
13,105,69,7,50,22,37,29,0,59,1
4,55,14,4,11,3,14,11,4,35,1
15,61,29,4,30,14,21,21,3,39,1
5,42,17,0,11,7,14,10,1,33,1
10,85,28,3,26,8,20,38,6,41,1
6,38,17,2,15,6,13,11,3,15,0
1,29,20,2,18,3,13,13,2,8,1
0,19,15,1,13,4,4,5,0,7,0
3,25,19,5,15,6,11,11,2,9,1
0,4,1,0,0,3,0,2,0,0,0
5,33,30,5,24,8,13,15,2,9,1
5,69,106,4,76,20,34,36,2,28,1
0,0,1,0,1,0,0,0,0,0,1
26,64,55,22,67,35,32,12,1,19,1
44,281,199,9,180,61,112,99,13,117,1
21,144,100,18,73,32,58,57,6,46,1
0,0,0,0,0,0,0,0,0,0,0
5,24,21,1,16,6,9,10,1,10,1
28,221,183,23,140,47,89,92,5,85,1
3,9,9,3,10,1,2,2,0,5,1
10,65,36,1,35,6,22,24,1,42,1
0,1,1,0,2,1,0,0,0,0,0
6,54,23,2,21,10,18,10,1,16,0
8,57,55,6,52,12,26,21,4,16,1
9,74,37,10,30,20,18,26,1,28,1
7,58,19,6,26,3,14,14,2,24,1
5,44,33,1,29,4,13,16,2,22,1
4,80,69,7,60,17,30,40,2,25,1
4,39,28,1,27,12,15,7,1,21,1
20,66,28,10,24,12,26,39,2,22,0
5,43,30,1,20,14,18,15,0,23,1
15,58,35,1,39,10,19,26,1,23,1
34,178,125,16,92,35,74,65,3,79,1
14,133,103,8,74,33,58,44,5,56,1
4,40,28,1,24,11,13,9,2,18,1
9,56,27,4,21,8,20,17,4,31,1
14,151,28,4,28,8,21,43,4,101,1
8,93,58,3,58,16,22,29,3,53,1
4,84,31,0,11,17,14,33,1,96,1
1,46,7,0,6,10,10,21,0,53,1
5,55,29,2,17,5,15,28,0,47,1
2,52,34,2,19,5,15,21,3,37,1
4,38,19,3,9,8,8,12,0,30,1
2,8,12,2,11,2,6,3,0,6,1
13,175,95,8,34,25,41,79,4,158,1
10,177,70,5,29,18,23,62,1,179,1
8,122,56,0,15,12,31,44,3,136,1
2,9,14,0,12,7,8,9,0,1,0
7,43,24,3,32,8,19,6,0,10,1
6,51,40,6,35,13,23,12,0,9,1
0,6,7,4,4,0,0,1,0,4,1
4,48,32,1,22,9,20,11,1,36,1
7,58,46,4,16,12,23,28,2,58,1
8,128,72,12,50,14,32,45,3,93,1
0,0,0,0,0,0,0,0,0,0,0
0,0,0,0,0,0,0,0,0,0,0
13,33,29,3,21,9,20,24,1,11,1
11,103,75,5,30,20,33,43,3,85,1
12,131,71,0,53,14,36,35,5,96,1
2,27,21,1,12,10,10,13,0,12,0
18,159,112,5,80,30,46,70,5,97,1
5,38,24,2,13,4,13,12,1,31,1
24,137,107,3,54,23,46,65,6,110,1
13,175,70,1,32,34,61,63,6,172,1
0,3,2,0,1,0,1,0,0,3,0
1,37,20,1,10,6,11,16,0,33,0
5,30,29,10,18,12,9,18,0,21,0
28,276,291,28,150,61,104,113,8,224,1
7,102,81,4,51,15,38,41,1,66,1
14,99,43,6,28,9,28,45,4,61,1
1,8,9,0,2,3,5,3,0,12,1
9,68,33,0,18,14,15,21,4,83,1
11,92,49,8,29,20,17,33,1,64,1
4,39,13,0,9,2,7,21,1,31,1
31,247,149,4,111,58,72,87,7,186,1
1,17,33,11,23,6,6,9,1,3,1
9,75,28,7,26,21,46,14,2,19,0
6,21,15,1,16,5,14,4,0,9,0
3,20,2,0,6,1,8,2,2,9,0
0,1,1,0,0,0,0,1,0,0,0
27,160,43,14,68,40,56,73,10,16,0
2,5,3,0,3,2,4,3,1,1,0
1,18,8,0,8,3,5,8,1,6,0
1,15,5,0,4,4,2,8,1,3,0
0,0,0,0,0,0,0,0,0,0,0
0,12,8,1,6,1,2,6,0,4,0
1,0,3,0,4,0,5,2,0,0,0
1,7,6,1,4,2,2,2,1,3,1
12,43,24,5,17,7,21,17,3,12,0
0,0,0,0,0,0,0,0,0,0,0
1,3,2,0,0,1,0,2,0,2,0
0,0,2,0,2,0,0,0,0,0,0
7,33,31,0,24,15,8,13,1,22,1
0,19,5,0,1,4,1,4,1,24,1
4,25,18,0,6,7,8,15,0,32,1
1,19,51,0,29,11,7,7,0,27,1
7,67,61,4,35,5,18,29,0,61,1
0,29,6,0,7,5,10,9,2,28,1
0,0,0,0,0,0,0,0,0,0,0
1,4,12,2,7,3,2,2,0,2,1
0,1,2,0,1,0,1,0,0,0,1
1,48,12,1,7,6,5,13,1,56,0
7,39,53,2,32,11,21,19,0,17,1
15,87,77,2,43,16,30,35,1,75,1
4,31,31,3,28,5,12,9,1,10,1
18,86,86,6,62,25,39,36,3,34,1
3,28,32,2,26,5,10,12,0,12,0
8,33,19,2,19,10,12,9,0,15,1
0,3,0,0,0,0,0,0,1,0,0
0,15,8,0,6,6,8,8,2,7,1
0,2,1,0,1,0,1,1,0,0,1
4,71,61,3,26,12,28,23,3,58,1
0,1,1,0,2,0,0,1,0,1,0
1,21,10,0,9,2,9,18,0,4,0
0,0,2,0,2,0,0,0,0,0,0
0,3,8,1,0,3,3,3,0,2,1
0,11,4,0,3,0,4,6,0,7,0
0,17,9,0,1,7,8,6,0,20,1
0,6,0,0,1,3,3,3,0,7,0
1,5,7,0,3,1,2,4,0,5,1
0,12,4,1,1,1,1,9,0,11,1
1,6,8,3,5,1,5,2,0,6,1
0,7,4,0,2,1,4,4,0,5,1
1,6,3,0,3,2,3,2,0,2,1
12,106,120,11,91,29,43,53,1,43,1
6,44,43,2,29,8,17,13,1,37,1
1,8,6,0,3,1,2,10,0,14,0
1,27,8,1,3,1,4,10,0,28,1
2,30,11,0,5,5,14,16,0,28,0
0,17,7,0,3,2,8,5,0,18,1
0,12,3,0,3,3,1,7,1,13,0
1,10,2,0,1,2,3,2,0,12,0
0,9,7,0,2,1,1,5,0,14,1
4,9,5,0,2,3,3,3,0,16,1
1,4,7,0,1,1,3,2,0,9,1
2,25,14,0,6,2,4,13,1,29,1
0,8,7,1,1,0,1,0,0,12,1
0,9,2,0,1,3,2,2,0,10,0
0,10,0,0,0,0,0,2,0,10,1
0,5,5,0,2,0,1,3,0,9,0
0,5,6,0,1,0,1,3,0,6,0
0,6,4,0,3,0,1,2,0,7,1
1,8,5,0,2,0,2,3,1,11,1
1,13,2,0,1,1,2,2,0,16,0
0,9,3,0,2,1,1,2,0,11,0
1,5,2,0,0,1,1,3,0,7,1
0,3,3,0,0,0,2,4,0,2,0
0,5,0,0,1,0,1,2,0,5,0
0,3,2,0,0,0,0,2,0,4,0
0,4,4,0,4,0,3,0,0,3,1
1,4,3,0,1,1,2,1,1,6,1
0,0,0,0,0,0,0,0,0,0,0
2,7,3,0,0,1,0,5,0,12,1
0,5,4,0,1,0,2,3,0,7,1
1,2,0,0,0,0,0,1,0,2,1
0,2,6,0,1,0,1,1,0,5,1
0,2,9,0,1,0,2,4,0,6,0
0,5,3,0,0,0,3,3,0,8,0
0,3,1,0,0,0,2,1,0,3,0
0,7,4,0,2,0,1,6,0,7,1
8,58,65,4,40,11,23,25,4,30,1
0,21,17,1,8,7,6,7,0,14,1
1,13,12,1,10,3,9,4,0,9,1
1,1,5,0,2,2,1,2,0,1,1
4,60,55,3,24,4,18,29,1,50,1
0,9,8,0,5,0,4,4,1,9,0
2,20,15,0,10,4,8,16,0,14,1
0,0,0,0,0,0,0,0,0,0,0
4,41,36,4,22,11,17,16,1,22,1
15,125,120,13,98,32,40,40,1,70,1
6,8,10,2,11,1,4,2,1,4,1
0,9,14,0,3,3,3,8,0,8,1
3,24,26,2,5,1,12,11,0,27,1
4,25,23,2,20,3,9,10,0,19,1
0,7,6,0,1,2,3,2,0,8,1
5,6,12,2,13,4,3,1,1,2,1
3,14,10,3,6,3,5,3,2,8,0
1,8,10,1,8,6,4,2,0,2,0
0,0,0,0,0,0,0,0,0,0,0
1,27,26,3,15,5,9,10,0,13,1
4,11,8,1,9,2,3,3,1,6,1
15,135,103,8,67,18,31,54,6,99,1
0,0,0,0,0,0,0,0,0,0,0
1,6,8,0,4,1,0,6,0,4,0
0,18,3,0,6,3,1,4,1,14,1
0,0,0,0,0,0,0,0,0,0,0
1,20,4,1,3,5,6,9,0,22,0
5,6,24,0,15,8,15,10,2,10,0
3,49,23,0,6,15,15,16,1,57,1
0,14,26,0,1,9,8,14,0,22,1
0,9,4,0,1,2,3,3,0,9,0
0,8,3,0,1,4,4,6,0,10,1
7,97,56,0,33,21,30,37,1,84,1
3,117,20,0,16,17,16,24,2,126,0
0,15,23,0,7,2,10,11,0,16,0
0,0,0,0,0,0,0,0,0,0,0
7,62,44,1,11,13,8,26,3,87,1
3,16,14,0,9,3,5,7,0,14,1
2,13,18,4,12,1,5,3,0,8,1
1,2,15,1,10,2,2,1,0,5,1
5,64,19,2,14,7,7,14,2,50,1
0,0,0,0,0,0,0,0,0,0,0
0,5,1,0,2,0,0,1,0,7,1
0,12,4,0,0,1,2,1,1,12,1
0,8,6,0,3,1,5,1,0,7,1
1,9,3,0,0,1,1,3,0,8,0
0,0,3,0,1,0,2,0,0,1,0
1,11,1,0,1,2,2,5,0,10,1
0,4,1,0,0,1,3,0,0,4,0
0,4,3,0,0,0,0,1,0,8,0
1,7,4,0,1,1,0,2,0,11,1
0,7,6,0,1,2,1,9,0,7,1
1,7,3,0,1,0,2,6,0,8,1
0,0,1,0,0,0,1,0,0,0,0
0,13,2,0,1,1,4,4,0,14,1
0,0,30,4,10,1,2,9,0,1,1
8,40,44,1,22,12,15,25,3,36,1
1,21,29,0,21,2,3,3,0,26,1
10,31,32,4,25,10,11,19,0,13,1
1,7,3,0,3,2,2,5,0,0,0
7,87,46,4,27,15,25,24,1,63,1
7,112,56,7,45,10,17,35,1,73,1
3,19,15,0,11,8,12,6,0,8,1
2,13,9,1,11,4,4,3,0,8,0
1,15,2,0,1,1,1,2,0,19,1
0,5,7,1,3,1,3,5,0,0,1
0,8,13,1,13,1,4,1,0,0,1
0,0,0,0,0,0,0,0,0,0,0
0,0,1,0,0,0,1,0,0,0,1
0,5,3,0,0,1,1,2,0,6,0
0,5,0,0,0,0,0,0,0,5,1
0,18,13,1,6,6,5,5,0,14,1
8,126,62,3,32,22,38,42,4,98,1
1,8,14,1,11,0,3,3,0,7,1
1,5,13,4,13,3,4,3,0,2,0
3,12,7,0,7,4,5,3,1,2,1
0,0,0,0,0,0,0,0,0,0,0
1,10,9,2,10,4,3,3,0,2,0
1,14,1,0,1,0,0,3,0,14,0
25,165,111,6,38,16,45,65,6,172,1
0,0,0,0,0,0,0,0,0,0,0
2,66,21,2,15,3,7,11,1,61,1
0,9,1,0,1,0,0,0,0,9,1
0,0,0,0,0,0,0,0,0,0,0
0,0,0,0,0,0,0,0,0,0,0
0,0,0,0,0,0,0,0,0,0,0
21,136,141,14,97,38,59,47,3,76,1
7,30,15,1,20,10,14,9,0,17,1
0,0,0,0,1,0,0,0,0,0,0
6,12,13,2,10,3,7,2,1,10,0
0,2,5,1,2,1,2,0,0,1,0
0,0,0,0,0,0,0,0,0,0,0
82,162,86,55,180,110,78,31,3,4,1
0,2,6,1,5,1,0,3,0,0,1
0,0,0,0,0,0,0,0,0,0,0
38,229,233,35,226,60,97,79,3,54,1
0,1,2,0,2,0,0,1,0,0,0
22,161,151,20,150,49,65,53,5,47,1
2,40,19,1,14,2,12,19,2,24,1
29,220,222,47,206,81,91,72,3,42,1
67,154,54,85,204,104,116,36,3,8,0
20,58,30,31,76,49,35,16,0,3,1
0,0,0,0,0,0,0,0,0,0,0
2,38,11,0,6,2,11,10,2,34,1
4,68,13,0,6,10,13,19,1,64,0
7,158,11,1,8,9,13,29,3,150,1
8,167,34,0,23,19,25,40,3,179,1
6,157,18,0,10,18,17,24,4,157,1
5,177,24,4,18,12,25,33,2,151,1
0,0,0,0,0,0,0,0,0,0,0
21,156,139,21,130,48,72,59,6,23,1
15,76,75,14,81,17,22,27,1,22,1
0,4,10,2,3,5,3,1,0,1,1
1,16,3,0,2,2,3,6,0,10,1
31,166,198,22,126,32,74,100,4,95,1
0,114,33,1,10,10,12,29,0,113,1
0,0,0,0,0,0,0,0,0,0,0
5,180,16,1,10,13,15,36,3,167,1
5,230,14,0,18,14,20,45,1,201,1
34,190,172,21,172,69,80,57,2,41,1
30,218,162,14,146,70,95,87,5,62,1
9,110,130,13,84,29,38,53,5,63,1
1,16,18,1,12,3,10,5,1,3,1
0,0,0,0,0,0,0,0,0,0,0
1,18,14,4,16,3,6,3,0,6,1
77,179,88,57,157,99,103,45,4,11,1
0,0,0,0,0,0,0,0,0,0,0
0,0,0,0,0,0,0,0,0,0,0
0,37,27,1,12,9,14,13,1,28,1
8,48,27,1,10,12,15,28,0,39,1
1,38,25,2,10,2,15,20,1,25,1
5,28,14,0,19,8,16,6,2,7,1
4,42,32,1,10,8,19,24,3,26,1
3,16,5,1,10,2,5,7,0,8,0
2,24,16,0,9,2,10,9,1,18,0
0,2,1,0,1,0,0,1,0,1,1
18,493,27,1,20,15,45,74,4,464,1
18,234,73,2,16,20,30,86,4,247,0
7,244,21,1,12,10,15,43,2,242,1
14,147,155,1,48,20,68,86,6,165,1
5,89,16,0,17,10,26,25,3,50,0
4,55,12,1,14,12,10,21,1,34,1
0,59,20,0,12,11,26,23,1,24,1
12,145,32,4,49,31,44,58,3,46,1
33,324,358,32,251,70,148,173,8,140,1
0,0,0,0,0,0,0,0,0,0,0
26,223,197,3,92,51,79,112,5,171,1
36,186,231,42,204,51,85,71,1,62,1
24,247,81,6,79,57,105,98,4,80,1
0,0,0,0,0,0,0,0,0,0,0
0,6,5,0,2,2,1,5,0,5,1
1,25,11,1,6,1,7,8,0,19,0
5,27,20,0,18,6,8,16,0,20,1
0,20,13,1,8,5,7,8,0,13,0
1,29,28,3,18,5,11,13,0,17,0
1,12,7,1,2,1,5,5,1,10,0
1,26,10,0,6,2,10,7,0,16,0
2,24,20,0,6,1,9,9,1,27,1
2,28,10,0,6,4,9,10,0,21,0
0,14,7,1,3,4,1,3,2,15,1
0,12,7,1,3,4,6,1,0,12,1
25,246,190,14,167,59,93,105,10,98,1
8,103,105,7,53,19,48,61,3,52,1
11,63,76,2,43,18,37,36,3,32,1
8,76,3,1,1,3,12,19,4,67,0
0,0,0,0,0,0,0,0,0,0,0
0,0,0,0,0,0,0,0,0,0,0
0,0,0,0,0,0,0,0,0,0,0
29,111,103,24,98,43,54,27,2,26,1
6,27,55,3,32,8,15,18,0,9,1
2,63,8,0,1,2,9,14,0,61,1
0,0,0,0,0,0,0,0,0,0,0
0,0,0,0,0,0,0,0,0,0,0
1,41,6,0,2,7,5,9,2,48,0
0,0,0,0,0,0,0,0,0,0,0
0,0,0,0,0,0,0,0,0,0,0
85,173,96,53,163,123,95,34,3,6,1
1,22,19,0,4,3,5,10,0,25,0
0,0,0,0,0,0,0,0,0,0,0
4,35,30,0,11,5,13,16,2,33,0
3,26,12,0,10,5,7,7,0,15,1
1,23,15,2,6,5,8,6,1,17,1
1,21,13,1,10,1,7,5,0,17,0
1,7,16,1,11,1,4,3,1,7,1
4,37,27,1,13,5,18,15,3,27,1
1,44,33,0,14,7,19,25,0,23,1
8,42,20,1,11,13,20,20,1,24,0
2,12,12,0,13,2,0,5,0,14,0
78,194,114,48,198,102,98,47,3,8,1
42,97,57,25,94,47,55,24,2,3,1
0,0,0,0,0,0,0,0,0,0,0
115,328,133,69,271,169,175,77,13,14,1
3,47,29,2,19,6,17,21,0,27,1
0,10,12,1,7,2,2,4,0,10,1
7,17,21,3,15,3,8,13,0,5,1
4,44,28,2,16,9,21,14,0,19,1
8,46,29,1,14,10,19,12,0,40,1
5,44,25,0,14,8,14,19,0,36,0
0,40,22,0,17,8,15,15,0,16,1
0,5,5,1,3,0,0,1,0,6,1
8,50,40,3,40,7,18,20,1,23,1
6,45,43,1,22,13,23,21,0,28,1
0,0,0,0,0,0,0,0,0,0,0
11,92,36,6,21,15,24,32,1,87,1
19,140,134,20,115,40,57,55,7,41,1
17,68,84,9,80,23,42,20,3,10,1
27,82,49,14,76,37,37,23,1,4,1
31,163,143,22,174,78,74,42,1,9,1
0,0,0,0,0,0,0,0,0,0,0
4,27,32,9,26,7,13,12,1,9,1
4,12,28,7,14,2,5,6,0,4,1
20,77,80,8,78,33,37,23,1,16,1
19,116,127,27,109,36,48,49,3,26,1
49,245,282,80,301,107,107,56,3,20,1
10,32,15,1,20,11,16,18,1,1,0
35,103,84,34,110,57,46,17,2,5,0
2,7,5,0,10,9,1,3,0,3,0
4,17,9,3,10,5,4,4,1,5,0
2,23,19,3,18,10,7,11,0,3,1
7,10,19,3,17,7,13,2,0,0,1
3,16,10,0,12,2,6,6,0,4,1
0,0,0,0,0,0,0,0,0,0,0
0,0,0,0,0,0,0,0,0,0,0
0,0,0,0,0,0,0,0,0,0,0
0,0,0,0,0,0,0,0,0,0,0
0,0,0,0,0,0,0,0,0,0,0
9,190,14,0,13,13,25,41,5,176,0
0,15,4,0,1,1,4,4,1,12,1
21,120,138,17,127,38,81,33,2,18,1
8,44,25,0,21,11,22,16,0,11,1
0,0,0,0,0,0,0,0,0,0,0
24,78,60,13,45,30,32,20,0,55,1
16,148,171,14,122,41,61,81,2,71,1
5,187,42,1,21,27,33,65,2,155,1
12,123,20,1,13,9,32,38,0,97,0
32,123,95,22,86,39,66,47,1,32,1
28,68,61,19,78,44,31,13,0,5,0
22,101,70,18,74,35,59,24,2,18,1
3,26,9,1,15,9,8,9,0,5,1
0,0,0,0,0,0,0,0,0,0,0
0,0,0,0,0,0,0,0,0,0,0
0,0,0,0,0,0,0,0,0,0,1
15,183,255,23,134,47,83,96,5,126,1
34,302,140,25,147,69,113,81,7,114,1
4,19,11,4,11,6,7,4,0,5,1
6,60,68,3,33,17,31,22,3,33,1
8,66,61,8,59,11,21,25,2,17,1
0,23,19,1,10,5,13,6,0,15,1
9,66,63,5,42,22,29,21,1,36,1
0,17,3,0,4,1,4,4,0,10,1
0,5,4,0,3,0,0,0,0,6,0
9,223,23,1,18,14,26,49,7,179,1
0,0,0,0,0,0,0,0,0,0,0
2,0,1,0,2,3,18,0,0,0,0
0,0,0,0,0,0,0,0,0,0,0
0,0,0,0,0,0,0,0,0,0,0
0,0,0,0,0,0,0,0,0,0,0
0,1,0,0,0,0,0,0,0,2,0
23,272,44,1,19,17,27,79,8,266,1
0,0,0,0,0,0,0,0,0,0,0
22,228,277,8,76,53,114,113,4,262,1
23,202,195,6,50,35,79,109,5,242,1
0,1,0,0,0,0,0,0,0,0,0
4,80,23,7,45,34,30,16,0,2,1
29,125,35,8,93,44,51,27,2,5,1
6,21,29,4,32,7,12,11,1,2,1
18,97,91,18,97,36,40,25,1,15,1
3,117,6,0,6,8,15,20,0,113,1
21,144,115,12,86,46,47,49,1,97,1
6,51,58,5,45,13,20,29,2,23,1
4,55,57,1,9,4,18,31,0,79,1
21,92,32,3,60,61,40,19,3,7,0
7,33,34,6,33,6,19,12,1,4,0
5,57,38,7,39,23,20,17,2,9,1
9,56,56,16,49,19,31,13,0,4,1
12,37,41,8,43,14,16,10,0,3,1
35,232,202,25,175,66,96,84,1,92,1
14,98,105,16,84,41,42,44,1,26,1
6,49,37,7,42,10,21,15,1,17,1
14,85,82,5,51,22,44,42,2,51,1
59,220,154,33,135,60,98,77,6,80,1
0,8,11,2,3,1,4,7,0,9,0
1,12,16,0,2,0,4,18,0,15,1
3,27,15,0,2,4,6,17,2,28,1
1,15,10,0,4,1,6,7,0,17,0
10,57,42,13,49,20,19,22,1,15,1
10,55,50,9,35,17,32,19,0,15,1
3,36,44,0,20,7,16,25,1,27,1
7,75,117,2,36,18,49,51,1,70,1
23,122,84,21,100,44,71,34,0,13,1
0,8,7,1,2,2,3,4,0,6,0
5,39,33,0,7,10,8,20,0,51,1
1,16,6,0,3,2,4,6,0,11,0
1,11,1,0,2,3,2,5,0,7,0
1,9,6,0,4,2,3,4,1,6,0
20,75,36,12,54,34,33,14,2,8,1
0,8,13,0,1,0,1,7,1,15,0
0,2,1,0,0,0,0,0,0,2,1
12,127,127,1,24,19,36,63,6,169,1
10,66,69,1,14,26,44,37,2,57,1
2,18,23,3,12,2,10,11,0,13,0
24,148,153,15,86,51,71,70,1,96,1
14,71,91,11,87,18,26,30,1,22,1
4,41,45,2,18,6,18,24,0,44,1
1,40,51,4,13,12,26,22,0,35,1
15,65,64,27,44,17,36,20,1,15,1
23,157,107,28,105,61,91,38,1,30,1
0,0,0,0,0,0,0,0,0,0,0
6,90,17,2,9,19,14,16,2,88,0
8,110,19,0,12,9,17,23,4,107,1
0,0,0,0,0,0,0,0,0,0,0
28,451,64,6,55,47,77,101,5,389,1
20,137,77,3,59,33,56,62,1,83,1
16,88,50,8,59,24,30,26,4,28,1
0,10,2,0,0,0,2,10,0,8,1
0,5,8,0,3,0,5,2,0,7,1
28,184,191,34,189,76,86,71,6,34,1
1,2,4,0,0,0,1,1,1,6,0
6,38,45,8,20,8,16,16,0,37,1
0,0,0,0,0,0,0,0,0,0,0
29,71,42,14,67,30,33,13,1,5,0
21,73,30,7,73,28,24,8,1,7,0
0,9,3,0,0,1,5,6,0,6,1
1,60,5,0,10,8,14,17,0,31,0
1,2,6,0,1,3,4,1,0,5,0
0,9,9,0,2,1,2,6,0,10,1
1,4,2,0,0,0,3,2,0,3,1
0,3,3,0,1,0,1,2,0,4,0
1,0,3,1,1,1,1,0,0,1,0
10,201,20,2,29,14,12,44,4,160,0
11,19,24,4,24,3,7,7,1,5,1
0,0,0,0,0,0,0,0,0,0,0
13,139,157,21,133,44,61,57,3,44,1
30,178,137,19,106,56,91,68,3,46,1
31,152,153,18,76,43,70,71,5,135,1
4,45,59,2,18,10,20,23,1,51,1
0,25,26,1,2,8,12,13,1,35,1
0,3,0,0,0,1,2,2,0,3,1
10,125,149,3,24,16,37,71,1,181,1
7,25,45,0,6,3,9,20,3,45,1
0,10,4,1,1,1,7,6,0,6,1
32,145,138,30,150,60,73,46,2,39,1
28,113,74,24,103,41,44,24,2,10,1
0,7,7,1,1,1,5,4,0,9,1
47,208,225,41,209,64,109,70,4,56,1
44,190,290,34,236,81,91,90,1,45,1
20,231,161,10,164,44,86,77,10,95,1
4,107,20,0,17,8,16,38,1,83,1
6,153,14,0,16,7,21,29,1,135,1
0,14,2,0,1,1,2,5,0,13,0
1,20,0,0,2,3,3,9,0,13,0
2,117,13,0,6,7,12,15,1,115,1
7,111,17,1,8,6,17,25,1,101,1
0,120,12,0,10,7,8,19,1,107,0
7,153,11,0,3,7,18,24,2,138,1
8,143,13,0,18,16,17,41,2,127,0
7,170,86,1,22,20,25,44,3,201,1
0,0,0,0,0,0,0,0,0,0,1
0,0,0,0,0,0,0,0,0,0,0
8,43,37,4,26,18,15,24,3,9,0
14,93,101,8,104,27,38,36,1,17,1
19,130,78,10,87,35,63,38,1,23,1
8,101,12,0,3,12,18,26,1,91,1
8,141,20,1,12,8,28,27,1,137,1
6,61,0,0,2,2,3,17,1,53,0
7,135,11,0,5,9,13,31,7,128,1
5,132,5,0,4,8,6,25,1,113,0
1,75,9,0,4,5,3,7,2,77,1
0,0,0,0,0,0,0,0,0,0,0
0,24,1,0,0,0,0,6,0,21,0
0,6,5,3,4,0,0,3,0,2,1
7,18,22,1,20,8,7,6,2,3,1
3,40,48,5,42,9,12,17,4,15,1
0,0,0,0,0,0,0,0,0,0,0
1,8,9,2,7,4,1,0,0,4,0
1,1,6,1,3,1,3,1,0,2,1
2,19,9,1,12,3,4,10,0,3,1
1,17,13,3,14,2,2,7,2,4,1
1,8,4,1,4,1,3,2,1,4,0
2,46,43,0,31,11,21,18,0,33,1
2,13,6,0,4,4,6,7,0,7,1
4,26,19,3,18,1,5,8,2,22,1
7,50,34,3,22,11,17,18,1,29,1
21,77,77,10,75,20,36,32,0,22,1
11,51,32,7,38,13,24,15,1,4,1
4,17,25,5,19,6,9,7,0,7,1
10,71,53,16,63,24,25,19,2,6,1
15,66,36,0,39,22,27,26,2,9,1
28,141,94,12,101,41,60,54,4,32,1
0,0,0,0,0,0,0,0,0,0,0
19,60,61,11,75,23,24,18,1,13,1
4,32,12,4,10,3,10,7,4,10,1
3,28,15,6,16,7,12,3,0,8,1
12,104,72,5,52,22,32,41,3,81,1
9,106,80,4,39,17,24,48,2,88,1
13,65,56,0,32,15,23,32,1,56,1
25,159,120,6,92,45,67,65,5,76,1
3,80,31,1,19,6,17,21,0,69,1
17,84,47,11,57,19,34,31,3,10,1
16,99,55,3,44,14,41,40,1,52,1
8,42,73,27,49,18,24,11,0,8,1
2,9,11,2,8,2,3,1,0,3,0
9,41,21,0,18,15,18,24,2,17,0
9,84,73,5,44,10,25,41,4,54,1
6,93,46,2,27,8,34,33,2,64,1
11,102,84,3,43,20,27,37,4,87,1
4,75,66,3,32,9,33,27,3,58,1
3,73,39,3,17,20,30,23,1,60,1
3,51,44,0,25,11,14,29,2,35,1
2,72,61,2,27,13,28,31,3,44,1
0,0,0,0,0,0,0,0,0,0,0
21,66,48,15,88,34,27,7,0,0,1
0,0,0,0,0,0,0,0,0,0,0
38,141,79,31,140,69,71,18,2,3,1
7,103,77,4,30,24,36,33,3,85,1
2,77,78,1,41,18,26,30,2,63,1
2,42,23,1,11,8,6,13,0,41,1
4,67,73,2,41,16,30,22,0,55,1
8,96,74,4,33,20,41,40,2,77,1
10,98,52,4,39,19,17,35,2,83,1
7,104,77,1,36,18,39,56,4,60,1
9,53,65,4,32,15,15,34,0,48,1
13,115,103,3,48,25,43,57,5,92,1
8,102,43,2,22,14,19,32,3,65,1
15,93,61,4,34,23,43,37,2,59,1
9,93,86,10,42,17,29,29,3,80,1
5,71,50,2,27,3,20,24,4,59,1
10,69,52,1,29,10,26,31,2,65,1
13,90,47,3,20,16,29,39,3,64,1
6,71,52,3,19,14,27,30,1,56,1
8,98,52,3,26,10,35,38,3,74,1
14,98,71,3,35,20,41,38,0,78,1
11,71,41,3,13,9,35,30,3,59,1
8,76,48,1,12,14,26,34,2,68,1
9,29,21,5,40,9,16,5,0,2,1
2,20,19,5,18,8,6,6,0,1,1
9,81,34,3,29,13,30,33,0,36,1
4,23,19,2,25,13,12,5,0,1,1
4,41,43,1,22,13,23,16,1,21,1
13,130,108,10,80,25,42,50,6,73,1
11,69,49,3,20,13,25,33,2,64,1
17,128,90,5,60,26,42,53,4,89,1
8,78,79,4,28,18,26,47,2,73,1
2,70,55,3,29,3,16,27,3,66,1
3,93,57,3,29,13,20,38,2,81,1
22,160,141,4,53,35,56,82,4,152,1
13,90,83,7,58,34,35,29,3,38,1
14,116,76,8,66,28,40,40,2,61,1
51,149,106,36,151,77,70,29,2,2,1
18,38,46,7,55,19,32,7,4,1,1
3,15,10,1,14,8,5,3,0,0,1
23,318,237,2,152,43,105,121,8,238,1
0,0,0,0,0,0,0,0,0,0,0
11,77,78,4,30,17,39,40,1,60,1
0,0,1,0,0,0,0,0,0,1,0
6,89,114,2,48,23,44,40,0,87,1
19,187,208,3,71,40,82,87,5,191,1
9,62,42,4,62,20,22,21,1,3,1
4,18,8,1,21,10,5,1,1,0,0
2,35,38,6,37,5,13,14,0,11,1
20,220,119,4,62,36,54,86,2,200,1
10,86,67,9,47,20,36,28,2,39,1
15,59,31,4,37,17,19,20,4,21,1
4,34,14,3,15,6,9,10,1,16,1
8,59,30,4,30,13,23,21,0,20,1
8,33,26,5,23,14,13,7,0,19,1
3,21,17,3,9,7,2,10,1,11,0
0,0,0,0,0,0,0,0,0,0,0
0,0,0,0,0,0,0,0,0,0,0
17,62,47,9,36,14,26,19,4,34,1
0,8,4,1,4,0,4,1,0,3,1
2,11,5,0,8,2,5,3,0,1,1
0,9,4,2,3,4,1,2,0,3,0
1,4,9,3,7,3,2,0,0,3,0
1,8,7,2,4,0,1,5,0,3,1
6,37,29,1,32,7,12,15,2,8,0
0,2,3,0,0,0,1,0,0,4,0
0,0,0,0,0,0,0,0,0,0,0
1,11,5,1,4,2,4,1,1,6,1
2,10,20,3,13,8,2,5,1,6,1
1,30,15,2,19,5,3,6,1,14,1
0,5,4,0,5,2,0,0,0,3,1
0,4,0,0,0,2,1,0,0,1,0
0,0,0,0,0,0,0,0,0,0,0
3,8,15,4,7,0,7,6,0,6,1
2,9,19,1,13,1,6,4,1,4,1
0,4,5,0,3,1,2,1,0,1,1
0,0,0,0,0,0,0,0,0,0,0
2,18,14,4,15,2,4,7,0,3,1
0,2,3,0,2,1,1,0,0,0,1
6,36,33,3,32,7,8,6,2,18,1
5,28,27,4,32,7,7,5,0,11,1
0,0,0,0,0,0,0,0,0,0,0
3,7,10,3,8,4,3,2,0,1,1
9,10,18,2,26,6,9,1,0,3,0
0,7,5,0,7,4,2,1,0,1,1
0,3,2,0,2,0,1,4,0,0,0
0,0,0,0,0,0,0,0,0,0,0
7,44,22,0,7,6,8,16,2,44,1
18,117,60,7,42,21,26,46,3,79,1
3,22,17,6,12,7,4,11,0,11,1
16,51,30,2,20,13,29,19,1,15,1
6,28,20,3,17,8,5,12,0,13,0
1,24,21,0,13,4,5,10,0,22,1
6,83,46,3,46,11,30,42,0,26,1
1,38,17,2,18,9,15,10,0,14,0
2,49,30,5,30,16,13,14,0,17,1
4,30,15,2,19,9,11,9,1,10,1
6,115,32,4,32,10,19,27,2,94,1
7,40,26,8,26,9,11,9,0,19,1
16,74,60,7,57,9,25,25,4,46,1
13,46,44,7,35,14,18,16,1,22,1
14,83,52,7,48,13,21,25,3,44,1
10,59,48,8,35,15,29,30,3,15,1
9,97,36,3,26,15,25,33,3,75,1
3,25,13,2,12,7,8,10,1,15,1
12,97,41,1,34,13,22,28,0,84,1
5,29,22,4,25,10,8,4,0,17,1
11,46,24,2,30,12,13,12,1,17,0
15,40,26,6,29,24,16,15,0,7,1
1,21,5,2,4,1,1,4,0,16,0
1,7,4,0,0,0,4,3,0,5,1
7,51,29,4,16,15,24,18,1,36,1
4,46,24,1,12,9,13,16,2,45,1
13,46,28,5,22,11,16,20,1,26,1
7,34,16,0,12,6,11,18,0,32,0
3,27,19,1,12,2,10,9,1,19,1
0,43,12,0,15,8,5,16,1,25,1
0,5,3,0,1,0,3,0,0,4,0
3,0,0,0,0,3,1,0,0,0,0
0,0,0,0,0,0,0,0,0,0,0
8,60,38,5,31,7,18,22,1,39,1
26,93,47,5,41,18,31,26,5,78,0
4,47,16,2,7,8,6,20,0,34,1
4,55,26,5,28,8,12,13,0,27,1
6,30,17,4,17,5,14,21,0,5,0
4,31,32,5,31,5,14,14,4,11,0
0,0,2,0,2,1,0,0,0,0,1
12,36,30,5,33,13,16,10,3,6,0
5,6,7,1,8,0,4,1,0,6,0
3,17,15,3,17,2,6,5,1,3,1
6,52,13,0,12,7,13,14,1,46,1
18,85,58,5,65,22,28,24,5,44,0
4,21,11,2,10,4,10,10,2,1,0
4,12,13,4,13,3,10,1,0,1,0
1,1,2,0,4,0,0,1,0,0,1
4,14,6,2,8,5,4,3,2,7,0
4,21,11,0,13,1,7,6,0,4,0
10,28,13,0,19,8,5,8,1,11,1
14,54,44,7,42,14,21,25,1,18,1
1,14,6,0,5,8,9,2,2,6,0
1,7,0,0,0,1,0,3,0,4,0
2,21,14,3,15,3,5,5,0,12,0
1,7,10,2,10,4,1,1,0,0,0
3,20,12,2,11,7,6,7,0,10,1
0,10,21,2,14,3,3,2,0,6,1
0,0,0,0,0,0,0,0,0,0,0
0,0,30,1,19,1,1,4,0,4,1
4,29,16,2,9,3,6,11,0,26,1
2,16,13,1,13,4,4,5,0,14,1
0,0,0,0,0,0,0,0,0,0,1
8,76,70,0,26,11,27,27,1,81,1
6,93,20,0,6,7,14,28,1,109,0
11,155,18,0,13,19,34,50,2,112,0
13,237,36,1,28,16,37,67,5,224,1
16,136,67,1,51,23,36,51,3,123,1
8,96,7,0,1,7,7,22,0,87,1
27,232,141,3,66,25,90,97,6,200,1
2,34,20,7,22,7,12,8,0,7,1
12,26,26,8,27,8,23,10,1,2,1
7,60,19,7,38,21,22,9,0,6,1
4,32,10,7,16,6,13,8,1,3,1
1,19,24,8,20,3,10,3,1,2,1
21,313,59,2,26,36,49,89,3,310,1
8,64,76,2,24,4,23,33,1,90,1
3,67,53,1,20,8,19,26,0,65,1
3,43,31,1,7,6,15,12,2,49,1
5,37,30,2,13,7,12,9,2,44,1
3,174,36,0,16,29,30,41,3,179,1
12,85,89,18,84,26,24,26,1,15,1
17,311,50,2,47,42,60,88,9,248,1
3,23,40,2,22,5,8,14,0,23,1
3,26,37,1,18,9,10,18,0,23,1
6,24,29,0,14,5,15,11,0,22,1
1,25,35,1,17,6,18,16,0,17,1
0,0,0,0,0,0,0,0,0,0,0
0,0,0,0,0,0,0,0,0,0,0
18,208,63,1,25,21,49,77,4,208,0
9,325,17,0,23,43,36,57,1,318,1
3,75,4,0,3,5,4,13,0,73,1
7,109,73,0,30,12,27,42,1,112,1
2,28,31,2,7,5,10,16,0,37,1
3,44,38,0,11,6,12,13,1,56,1
13,179,116,0,39,17,35,72,6,193,1
2,57,42,0,8,6,10,15,2,73,1
14,184,47,1,19,21,44,56,5,184,1
7,69,55,2,16,7,30,36,1,64,0
8,218,38,0,18,22,30,55,4,213,1
15,366,111,2,45,41,72,109,4,358,1
6,126,128,2,48,20,44,67,2,134,1
15,277,80,4,45,37,44,94,5,196,1
5,151,5,0,2,7,15,36,6,120,1
46,149,82,39,106,69,59,43,1,23,1
8,166,21,0,19,8,18,40,2,153,1
0,0,0,0,0,0,0,0,0,0,0
9,107,110,1,26,13,33,40,6,149,1
7,66,53,1,12,7,16,33,0,86,1
25,352,77,3,50,44,61,104,1,336,1
4,115,24,0,13,16,19,31,1,117,1
14,171,32,2,15,21,33,47,2,182,1
5,64,71,0,9,7,22,30,1,96,1
8,90,67,1,17,9,31,33,3,101,0
7,94,74,0,8,9,23,34,2,129,1
0,0,0,0,0,0,0,0,0,0,0
15,287,18,1,24,23,28,55,3,291,1
7,140,68,0,27,17,27,40,3,174,1
0,0,0,0,0,0,0,0,0,0,0
2,10,14,4,16,3,5,1,0,0,0
16,221,40,0,11,19,45,66,2,241,0
1,14,6,3,6,4,6,5,0,1,0
0,0,0,0,0,0,0,0,0,0,0
9,195,24,0,33,42,38,69,1,205,1
14,143,77,1,25,13,44,53,4,152,1
28,335,194,4,55,50,92,141,9,387,1
10,130,30,0,12,17,17,38,2,129,1
27,261,153,9,57,41,62,131,7,252,1
12,125,122,3,40,16,31,64,2,150,1
13,116,83,0,18,16,30,49,3,150,1
0,12,2,0,1,0,1,3,1,12,0
2,53,28,0,0,4,9,19,0,64,1
1,18,6,1,4,1,5,3,0,18,1
29,291,225,2,77,30,67,125,8,336,1
7,45,25,2,17,12,12,13,0,40,1
0,52,13,0,6,8,3,16,0,53,0
9,72,62,3,47,8,21,19,3,47,1
13,118,32,1,12,16,21,29,1,137,0
4,68,6,0,2,7,14,22,1,73,1
35,299,262,2,92,38,106,164,4,283,1
20,243,197,4,43,32,74,111,3,312,1
26,265,208,11,115,49,94,91,5,183,1
21,204,143,8,98,33,69,80,5,139,1
21,239,208,3,96,38,87,90,5,214,1
6,72,68,1,47,12,29,25,0,48,1
15,128,67,2,41,20,34,48,2,125,1
3,69,66,4,18,8,43,31,1,54,1
5,35,32,1,22,9,13,10,0,24,1
4,28,27,4,23,8,9,12,0,8,1
0,2,0,0,1,1,0,0,0,0,1
7,77,74,8,52,12,17,38,3,42,1
18,120,89,2,21,25,59,51,4,113,1
8,115,77,5,50,17,35,67,1,55,1
13,145,104,2,15,18,46,58,9,145,1
11,21,29,0,16,6,33,18,0,16,1
14,115,121,7,78,24,63,50,3,53,1
9,128,40,2,18,9,26,36,1,151,1
0,0,0,0,0,0,0,0,0,0,0
2,17,5,0,2,0,5,5,2,19,0
15,235,83,0,24,27,49,71,8,257,1
23,165,160,8,97,42,56,81,3,109,1
20,170,174,6,92,45,46,77,3,136,1
30,234,222,2,115,47,79,109,4,200,1
23,115,112,3,48,31,55,60,4,81,1
1,11,9,1,6,3,1,6,0,7,1
16,149,148,3,48,30,63,74,7,144,1
20,149,147,4,79,34,60,69,6,108,1
19,193,209,10,102,40,85,95,1,142,1
17,185,171,2,77,30,61,101,4,160,1
1,41,61,3,35,14,23,19,0,30,1
13,126,106,2,52,18,42,69,3,76,1
14,121,138,9,79,27,60,50,2,90,1
32,182,181,9,95,41,77,84,5,127,1
5,52,83,2,24,12,24,25,1,57,1
9,49,41,1,37,33,17,27,3,19,1
13,103,117,8,71,22,49,54,0,61,1
6,22,30,0,13,5,17,14,2,20,1
1,11,22,0,14,7,12,9,1,7,1
0,0,0,0,0,0,0,0,0,0,0
9,64,58,0,22,10,19,28,1,70,1
11,93,63,2,23,17,32,33,4,97,1
24,125,114,14,78,32,51,39,1,69,1
15,66,89,11,74,30,37,25,0,5,1
7,29,41,1,20,12,14,16,0,18,1
1,15,83,13,39,9,15,17,0,8,1
7,38,38,11,36,18,13,12,1,6,1
20,96,51,9,57,34,45,35,3,29,1
20,37,10,5,23,30,19,8,0,2,0
8,30,13,3,23,11,17,7,1,3,1
14,61,45,7,53,30,36,16,2,8,1
5,17,21,1,18,4,10,10,0,2,1
20,101,52,12,65,25,41,36,3,24,1
3,25,6,2,4,4,6,8,0,25,1
4,54,33,5,35,16,34,21,1,11,1
1,6,4,0,4,2,3,1,0,1,0
1,6,9,3,10,1,4,1,0,0,1
6,18,18,6,23,8,14,8,0,4,1
0,0,0,0,0,0,0,0,0,0,1
11,114,93,4,24,13,41,46,2,110,1
6,57,43,1,11,9,39,23,0,58,1
11,78,43,4,23,10,16,29,3,63,1
13,97,93,3,34,20,33,48,1,88,1
0,18,14,0,10,3,3,2,0,17,0
0,4,0,0,1,0,1,0,0,1,0
0,17,4,0,5,0,4,5,0,12,1
10,162,96,1,26,21,51,52,3,222,1
4,32,14,3,12,2,12,16,1,11,1
8,78,51,8,49,8,26,26,0,38,1
1,11,8,0,3,2,2,5,0,11,1
1,9,17,2,10,4,5,5,0,3,1
0,22,7,1,3,5,10,6,0,19,1
5,12,9,0,4,2,6,8,0,10,1
0,41,44,2,30,14,19,12,2,18,1
2,21,15,3,15,2,4,5,2,12,1
1,13,6,0,5,2,10,5,0,7,1
0,29,11,1,9,4,4,10,0,22,0
0,15,3,0,3,5,5,3,0,9,1
0,15,12,1,3,2,5,8,0,11,1
1,9,6,0,4,2,4,5,0,6,1
1,15,4,1,2,0,2,8,0,9,1
0,3,4,0,0,0,1,5,1,3,0
0,0,0,0,0,0,0,0,0,0,0
0,0,0,0,0,0,0,0,0,0,0
11,161,76,0,28,21,29,57,3,185,1
1,10,15,1,2,5,3,3,0,13,1
1,24,10,0,7,5,9,7,0,10,0
3,15,12,0,5,5,10,4,1,11,0
3,29,10,0,11,5,8,10,1,18,1
2,18,5,0,5,2,6,10,0,11,1
0,0,0,0,0,0,0,0,0,0,0
1,13,1,0,4,2,2,5,1,9,1
0,7,2,0,1,2,1,5,1,4,1
1,16,8,2,8,4,4,5,0,8,1
4,44,9,2,16,4,7,14,0,21,1
5,41,7,3,12,2,17,17,2,9,0
10,187,23,1,21,27,28,53,2,184,1
1,15,13,1,15,2,6,5,0,3,1
3,81,57,1,18,12,14,32,3,94,1
6,137,87,2,18,12,33,39,1,178,1
0,0,0,0,0,0,0,0,0,0,0
0,18,1,0,2,2,3,4,0,16,0
1,6,2,0,3,0,2,5,1,3,1
1,7,3,1,1,1,1,5,0,4,1
3,11,25,1,11,2,5,13,0,18,1
7,54,20,0,5,4,16,30,3,52,1
1,33,8,1,5,1,4,12,0,29,1
4,6,8,0,2,3,3,3,0,14,0
5,49,14,1,4,8,8,18,0,50,1
0,14,1,0,1,3,4,3,0,13,1
2,52,17,0,3,2,8,17,2,58,0
2,20,13,1,1,3,4,3,0,32,1
5,131,22,3,11,13,22,26,1,123,1
1,4,3,1,4,0,2,3,0,2,0
5,36,34,0,9,4,16,14,0,40,1
0,0,0,0,0,0,0,0,0,0,0
9,146,20,2,12,11,7,20,2,152,1
3,89,18,0,6,16,15,17,2,101,0
6,109,20,1,18,13,18,32,0,101,1
3,29,12,1,2,2,8,8,0,40,1
6,21,21,0,9,4,6,10,2,27,1
6,32,28,1,9,8,12,18,0,38,1
2,32,17,0,4,4,5,10,1,41,1
4,46,4,0,1,3,4,16,0,38,1
1,41,34,2,15,10,16,9,1,39,0
3,22,19,0,4,7,9,8,0,34,1
0,0,0,0,0,0,0,0,0,0,0
2,17,25,0,6,2,5,15,0,23,1
1,23,8,0,3,9,8,9,1,25,0
6,16,26,0,5,2,6,10,0,30,1
6,32,28,0,5,9,8,22,1,37,1
10,89,51,0,22,8,29,37,1,99,1
1,54,12,0,6,3,7,8,0,64,1
2,25,42,0,6,9,12,22,0,29,1
2,39,19,0,9,2,7,13,1,42,1
1,41,3,0,7,1,4,13,0,42,0
4,26,10,0,6,5,6,17,2,19,0
1,16,3,0,5,2,5,7,0,14,1
1,9,6,0,3,0,2,8,0,12,0
1,34,17,0,7,3,10,9,0,38,1
2,29,12,1,6,7,5,23,0,26,1
0,17,12,0,3,0,2,2,1,24,1
2,25,29,0,5,3,7,12,1,33,1
2,31,19,1,5,7,10,13,1,30,1
0,10,6,0,0,1,1,4,1,13,1
2,6,2,0,1,3,1,3,0,8,1
1,10,13,1,6,0,1,5,0,18,1
4,31,19,0,7,4,6,16,0,48,1
1,12,6,0,4,2,1,5,1,17,0
0,6,5,0,2,2,1,2,0,12,1
1,8,5,0,1,0,4,3,1,9,0
0,2,3,0,2,0,0,4,0,3,1
0,10,4,0,2,2,1,2,0,8,0
11,51,53,3,24,8,32,17,3,39,1
3,36,69,4,33,10,13,14,1,37,1
10,74,80,1,28,12,31,46,3,68,1
5,74,59,0,23,8,22,36,2,78,1
1,23,24,0,10,3,7,7,2,27,1
2,31,26,0,5,5,7,13,0,46,1
4,34,17,1,7,5,9,16,1,31,1
2,29,28,0,7,6,9,11,2,42,1
5,29,28,0,14,2,8,15,0,37,1
0,3,1,0,0,0,1,1,0,3,1
4,19,30,1,7,8,16,14,3,27,1
0,0,0,0,0,0,0,0,0,0,0
1,58,0,0,6,16,9,13,0,60,0
0,11,18,0,6,5,3,8,2,18,1
2,92,2,0,2,2,3,20,2,73,0
3,20,14,0,5,4,11,7,0,15,1
10,122,4,0,4,4,8,20,6,104,1
3,22,25,1,11,7,7,13,2,17,1
11,67,58,2,30,10,28,32,6,35,1
21,146,151,8,100,37,71,75,5,63,1
31,196,207,16,123,53,84,91,6,127,1
16,144,123,10,62,18,50,71,1,119,1
0,0,0,0,0,0,0,0,0,0,0
0,0,0,0,0,0,0,0,0,0,0
24,77,67,13,94,43,36,24,0,6,1
89,133,106,35,191,93,78,34,1,3,1
28,151,119,13,85,40,60,70,2,82,1
13,64,51,8,51,20,27,25,0,16,1
17,81,62,7,48,21,32,43,2,24,1
13,104,54,4,47,16,45,44,0,30,1
20,200,134,6,82,45,73,89,3,124,1
3,26,24,0,18,4,11,11,2,11,1
14,96,70,6,68,22,31,41,1,34,1
24,124,75,6,64,33,49,53,4,38,1
5,10,9,1,7,4,9,6,1,2,0
10,79,78,6,55,21,29,31,3,36,1
15,115,90,4,62,22,48,44,2,69,1
39,243,158,17,142,71,91,97,9,119,1
10,63,57,8,47,18,30,30,1,21,1
14,70,69,3,56,30,30,36,3,26,1
4,22,22,3,21,8,16,6,0,5,0
39,209,161,21,122,54,85,89,10,72,1
76,16,24,5,39,31,33,24,3,8,0
9,80,51,4,44,16,26,30,6,21,1
4,28,9,1,15,3,6,9,1,9,1
6,68,31,4,16,15,21,27,0,42,1
47,329,291,18,180,68,151,143,5,201,1
15,137,106,7,73,29,47,48,8,63,1
19,147,87,6,67,39,40,61,3,57,1
4,58,42,2,36,6,24,20,5,19,1
21,40,17,13,36,21,22,12,1,2,1
22,66,98,24,99,29,40,20,0,3,1
19,94,82,18,103,32,40,23,0,9,1
30,214,170,14,120,46,79,92,4,87,1
45,270,140,34,200,99,119,87,5,36,1
20,167,125,7,105,21,62,56,2,78,1
18,168,102,3,87,36,51,59,5,72,1
27,146,89,6,80,23,41,61,8,64,1
38,245,213,20,155,48,93,103,9,135,1
15,180,111,13,100,33,59,68,1,92,1
21,280,166,23,104,60,97,107,6,164,1
0,2,4,2,2,0,0,0,0,1,1
0,0,0,0,0,0,0,0,0,0,0
10,143,81,2,49,24,62,59,5,71,1
8,27,42,0,21,14,22,15,0,14,1
4,25,64,6,34,6,10,15,1,25,1
26,192,119,15,150,54,91,67,3,24,1
30,88,51,19,90,35,42,19,0,2,1
11,31,28,6,26,10,11,11,0,10,1
19,144,103,5,34,17,56,73,6,115,1
5,23,15,0,9,12,8,11,1,17,1
3,8,45,5,27,11,11,10,0,3,1
2,19,16,3,20,5,8,3,0,2,1
5,26,12,1,17,8,11,9,1,3,1
0,3,1,0,2,2,1,0,0,0,0
1,3,9,0,7,2,3,1,0,1,0
2,11,7,1,15,1,2,5,0,2,0
0,2,2,1,2,0,0,0,0,1,1
2,6,7,1,11,3,2,2,0,1,1
3,21,7,2,14,8,6,5,0,5,1
8,57,19,5,39,19,14,13,0,4,0
0,0,0,0,0,0,0,0,0,0,0
16,116,113,8,67,26,47,47,1,71,1
10,85,53,2,31,11,22,30,4,67,1
5,19,8,1,11,6,9,2,2,2,1
0,0,0,0,0,0,0,0,0,0,0
3,5,7,0,8,2,6,2,1,1,0
6,28,14,2,24,6,18,9,0,2,0
1,23,16,0,17,7,9,9,1,5,1
0,1,6,0,4,0,1,1,0,0,0
0,9,9,1,11,5,1,0,0,1,0
11,69,24,2,39,16,28,25,3,11,1
9,71,19,1,28,13,26,20,3,34,1
8,100,52,0,25,17,25,25,2,116,1
2,7,18,2,12,3,3,7,0,12,1
3,34,89,10,51,6,14,23,3,37,1
1,13,22,0,4,3,9,8,0,18,1
6,48,27,0,6,15,16,21,2,43,1
1,17,51,0,28,5,8,9,0,27,1
3,41,20,0,18,6,9,18,0,40,1
0,4,14,1,10,3,1,0,0,7,1
0,2,1,0,2,0,1,0,0,0,0
17,143,126,6,50,20,56,59,1,153,1
1,33,41,1,12,5,10,17,2,49,1
38,10,6,0,12,7,190,76,0,0,0
12,62,109,2,24,17,26,49,0,94,1
11,76,78,1,35,18,33,46,1,72,1
0,0,0,0,0,0,0,0,0,0,0
24,224,177,7,71,50,68,81,3,220,1
23,180,129,1,58,25,61,72,6,161,1
3,50,39,0,15,8,14,21,0,59,1
10,84,89,3,45,16,28,25,2,79,1
1,34,51,1,25,11,21,24,2,18,1
7,30,33,4,22,1,8,15,2,27,1
2,29,56,6,28,17,10,23,0,12,1
6,53,49,0,21,9,20,20,2,60,0
15,110,109,5,61,25,48,55,2,81,1
5,49,33,3,12,8,16,18,0,42,1
3,16,28,18,17,3,11,3,0,13,0
1,6,6,0,1,2,6,4,0,7,0
7,61,48,6,34,4,15,21,2,38,1
1,20,8,6,7,2,7,6,0,18,1
11,126,100,6,30,27,46,53,3,133,1
6,66,40,1,28,10,16,24,0,68,1
6,83,40,4,28,16,24,42,1,53,1
5,62,48,1,29,8,19,20,1,61,1
11,102,93,2,34,17,32,49,2,122,1
0,19,15,0,4,2,7,8,1,20,1
6,59,71,3,32,15,18,48,4,56,1
2,18,21,0,5,2,9,13,0,22,0
12,56,59,0,21,10,17,33,1,72,1
18,168,134,2,50,30,74,74,0,143,1
17,143,95,4,54,23,53,70,2,105,1
6,66,79,1,39,16,25,37,3,46,1
4,77,45,0,25,14,24,30,1,69,1
8,70,56,1,34,8,19,33,2,54,1
3,63,53,3,25,12,18,13,0,60,1
4,49,49,1,20,5,23,24,2,57,1
3,46,28,0,3,8,13,14,0,58,1
6,31,27,1,9,2,8,13,0,42,1
7,81,74,4,31,16,32,49,0,86,1
5,59,42,1,34,16,26,27,2,41,1
0,0,0,0,0,0,0,0,0,0,0
10,85,61,0,22,6,20,32,2,84,1
2,15,6,0,3,0,1,3,0,18,0
2,22,11,0,6,4,7,15,0,29,0
6,44,35,0,19,10,16,20,0,53,1
0,3,0,0,2,2,1,0,1,2,1
1,126,20,0,6,7,12,27,2,115,0
2,20,8,0,7,2,3,12,2,14,0
9,53,37,0,19,8,20,23,2,44,1
10,141,93,3,34,22,36,58,5,132,1
18,193,143,6,40,27,62,82,6,211,1
16,234,158,1,46,36,65,100,6,252,1
8,83,72,2,34,10,26,40,1,74,1
8,71,59,1,25,12,19,31,0,75,1
24,160,146,4,61,34,60,78,4,136,1
39,278,204,4,83,66,112,132,7,240,1
10,96,94,4,43,15,44,49,1,87,1
9,65,77,2,29,8,21,30,2,83,1
0,36,23,0,8,5,6,14,1,33,1
11,98,96,4,38,15,25,40,2,106,1
7,81,62,2,20,9,18,39,3,81,1
8,123,71,3,26,10,31,55,1,115,1
9,114,71,1,41,12,42,48,4,89,1
7,114,79,6,24,16,24,46,0,110,1
18,257,164,1,49,39,78,113,5,252,1
10,87,58,1,23,11,30,22,3,87,1
7,121,75,2,40,15,29,38,5,100,1
9,148,89,3,32,14,44,50,4,150,1
20,237,131,4,54,26,60,88,5,239,1
6,111,83,1,30,24,32,45,2,104,1
11,99,69,2,32,14,35,35,3,109,1
18,182,118,3,40,28,55,82,1,177,1
15,180,106,0,43,26,50,84,4,185,1
0,2,0,0,0,0,0,0,0,2,0
0,16,4,0,1,3,3,3,0,18,1
0,0,0,0,0,0,0,0,0,0,0
0,5,6,0,3,0,1,5,0,3,1
2,3,0,0,0,0,3,2,0,3,0
0,15,11,0,6,0,3,3,0,17,1
0,4,2,0,0,1,2,0,0,4,1
6,19,3,0,1,4,3,5,2,24,0
0,13,2,0,2,5,2,7,0,12,1
0,10,3,0,1,5,1,2,1,10,0
0,10,5,0,0,1,4,4,0,11,1
0,5,3,0,1,0,1,2,0,7,0
0,13,6,0,5,2,2,5,0,9,1
9,86,37,0,14,13,14,38,2,88,1
3,19,12,0,6,0,6,6,0,22,1
2,11,1,0,1,1,2,4,0,12,0
1,22,4,0,3,2,3,4,0,23,1
3,15,10,0,5,3,9,6,0,15,1
1,4,4,0,4,2,3,2,0,2,1
1,28,15,1,8,4,2,6,0,29,1
0,0,0,0,0,0,0,0,0,0,0
0,8,1,0,2,0,2,3,0,8,1
1,6,5,0,2,4,4,2,0,5,1
0,19,5,0,2,1,5,4,1,16,0
0,3,3,0,1,0,2,2,0,1,1
1,9,4,0,0,1,0,7,0,4,1
2,4,6,0,1,0,0,4,1,7,1
0,3,4,0,0,0,2,2,0,3,1
0,1,0,0,0,0,0,1,0,1,0
0,0,0,0,0,0,0,0,0,0,0
0,0,4,0,1,0,2,1,0,1,1
2,5,2,1,1,0,2,0,0,7,1
1,3,4,0,0,0,2,4,0,2,1
1,15,11,1,6,4,6,4,1,16,0
1,9,7,0,3,1,1,8,0,8,1
4,28,19,1,7,4,10,5,1,33,1
0,4,0,0,0,0,0,0,0,4,0
0,0,0,0,0,0,0,0,0,0,0
0,10,5,0,1,1,0,5,0,10,1
1,3,3,0,0,0,2,3,0,3,0
1,9,4,0,0,1,1,5,1,8,1
0,2,7,1,7,1,0,0,0,2,1
0,15,5,0,1,2,3,1,1,16,1
0,3,6,0,2,0,0,1,0,6,1
0,8,4,0,1,1,2,3,0,8,0
0,11,2,0,1,1,5,5,0,5,0
38,322,215,5,94,45,83,140,6,341,1
8,181,105,2,33,29,52,75,4,187,1
19,195,104,4,42,41,73,90,1,183,1
0,0,0,0,0,0,0,0,0,0,0
0,5,13,0,0,0,4,6,0,8,0
0,0,0,0,0,0,0,0,0,0,0
0,0,0,0,0,0,0,0,0,0,0
6,116,63,1,26,17,45,45,1,114,1
6,90,50,2,11,10,21,42,1,97,1
0,0,0,0,0,0,0,0,0,0,0
18,109,67,7,47,18,29,42,4,81,1
16,134,42,2,35,23,43,45,4,90,1
0,0,0,0,0,0,0,0,0,0,0
8,71,51,5,46,11,17,20,1,49,1
12,154,83,1,40,24,63,63,1,124,1
7,69,48,2,12,13,26,37,4,55,1
6,136,95,9,50,33,35,46,6,105,1
13,95,64,8,41,16,33,43,5,52,1
24,185,107,5,53,22,41,79,1,173,1
37,185,123,14,100,43,61,97,3,101,1
10,113,39,6,26,6,37,40,3,60,0
0,0,0,0,0,0,0,0,0,0,0
17,97,50,6,42,20,41,41,0,46,1
21,109,83,4,55,23,37,57,3,69,1
20,208,105,6,52,22,49,81,2,197,1
10,117,39,4,16,10,16,35,0,115,1
3,36,13,0,10,4,7,12,0,28,0
8,52,27,1,7,8,17,12,1,57,1
10,50,49,2,31,10,13,25,3,38,1
22,163,90,10,58,43,59,57,7,101,1
14,84,43,5,40,17,39,25,4,36,1
11,76,43,3,34,10,21,33,0,44,1
12,82,65,2,36,22,35,49,3,54,1
13,83,56,4,44,13,31,32,4,53,1
9,85,70,8,42,16,34,36,1,48,1
0,30,17,1,17,7,13,3,2,8,0
9,100,49,6,37,19,28,44,0,61,1
2,16,5,0,4,4,2,2,1,21,1
2,50,52,1,38,5,13,14,0,51,1
9,130,91,7,42,19,25,36,2,137,1
5,45,34,4,15,8,22,17,0,25,1
15,169,88,12,54,39,45,66,5,90,1
11,63,40,9,35,14,15,17,4,32,1
29,174,126,28,78,39,72,68,1,93,1
9,123,51,5,26,21,27,43,3,78,1
18,141,76,4,67,31,33,38,2,81,1
16,86,45,8,39,17,37,36,3,34,1
26,113,71,8,52,24,46,48,4,47,1
40,241,134,27,88,49,98,93,8,97,1
31,200,142,6,78,33,45,84,8,151,1
11,112,76,12,41,23,27,39,1,74,1
8,106,80,8,40,18,33,55,1,60,1
15,183,128,8,69,31,67,82,1,123,1
2,110,30,0,10,11,18,22,1,115,1
10,103,41,2,26,16,22,31,0,82,0
3,106,35,2,23,14,19,40,5,63,1
4,62,24,1,19,7,15,18,1,31,1
25,196,126,7,73,29,57,76,9,146,0
52,401,232,10,154,80,114,159,7,283,1
20,148,106,3,66,26,59,75,3,75,1
0,0,0,0,0,0,0,0,0,0,0
18,161,51,5,41,24,42,72,9,79,1
21,132,118,5,92,30,48,68,3,53,1
21,106,69,7,57,12,39,39,3,61,1
2,20,16,2,9,2,9,7,1,9,1
1,54,10,0,6,2,7,13,1,50,1
0,0,0,0,0,0,0,0,0,0,0
27,235,113,4,95,39,77,75,4,194,1
2,74,61,1,25,18,14,27,2,71,1
19,106,55,6,35,11,27,28,5,92,1
11,117,54,6,39,16,42,34,2,67,1
17,190,113,7,45,31,46,68,4,170,1
1,38,42,3,15,9,13,12,1,42,1
10,114,56,1,28,15,29,37,2,103,1
14,147,91,3,39,21,41,73,4,125,1
13,50,38,7,32,13,18,16,0,28,0
37,175,83,7,73,32,64,61,1,94,0
4,39,12,4,10,8,12,15,1,24,0
14,102,53,6,31,15,26,44,2,77,1
6,52,28,2,22,7,14,22,0,36,0
8,55,20,12,30,40,37,47,5,43,0
5,81,76,3,58,8,31,27,7,62,1
4,31,20,5,13,3,4,12,1,24,0
19,162,94,3,49,21,42,73,4,135,1
25,119,55,9,37,29,47,37,5,66,1
6,43,37,1,11,4,24,21,3,38,0
14,87,38,9,25,20,27,32,3,57,0
0,0,0,0,0,0,0,0,0,0,0
0,13,4,0,10,2,5,2,0,7,0
1,14,17,3,10,1,3,5,1,14,1
7,49,35,3,26,11,16,9,2,23,1
8,47,49,4,41,12,13,12,2,30,1
6,30,15,1,19,4,13,8,1,11,1
5,44,29,4,30,12,10,16,1,13,1
9,73,45,7,47,14,41,23,1,20,0
11,53,37,6,29,14,19,18,0,34,1
6,49,17,3,16,7,12,9,0,33,0
0,2,0,0,0,0,0,1,0,1,0
15,100,60,5,51,14,26,54,3,56,1
10,77,32,5,27,13,24,29,3,30,1
7,21,16,6,14,5,13,5,0,7,1
10,61,18,2,18,12,16,20,2,25,0
3,15,13,1,13,6,1,6,0,9,0
1,7,5,1,4,1,1,4,0,1,0
4,30,19,0,11,6,7,14,3,24,1
16,28,16,5,14,13,11,7,1,25,1
0,0,0,0,0,0,0,0,0,0,0
2,22,9,1,7,2,3,5,0,19,1
2,3,1,0,2,1,4,1,0,3,0
9,57,29,9,33,13,15,13,2,29,1
6,49,19,3,21,14,9,12,3,12,0
5,51,11,1,9,7,10,17,3,25,1
14,79,49,11,33,14,24,24,3,46,1
0,0,0,0,0,0,0,0,0,0,0
1,0,2,0,0,2,3,0,0,0,0
1,4,1,0,0,1,2,3,0,2,0
14,69,41,4,48,9,18,34,4,32,1
3,14,13,4,9,3,6,6,2,6,0
20,191,97,13,71,23,52,63,7,120,1
12,177,106,5,62,46,40,69,7,185,1
14,152,49,2,24,19,27,45,9,139,1
11,70,63,2,30,12,21,32,0,71,1
19,297,119,4,53,37,67,99,4,308,1
8,130,165,14,74,20,30,67,4,146,1
3,34,21,0,4,3,7,12,0,34,1
1,38,2,0,1,2,7,13,1,20,1
4,31,18,0,5,4,7,7,1,32,1
4,31,25,1,10,5,11,18,0,37,0
0,19,10,0,1,2,2,6,2,19,1
0,0,0,0,0,0,0,0,0,0,0
6,23,23,2,13,2,6,13,1,23,1
0,2,0,0,0,0,0,2,0,0,0
5,68,37,3,21,4,18,26,1,63,1
0,13,6,1,8,1,6,2,0,11,1
2,7,2,0,3,1,1,5,0,5,1
5,41,14,1,8,5,12,15,1,38,1
6,43,50,5,25,6,19,18,1,42,1
1,10,3,0,3,0,0,2,0,10,0
10,50,17,4,12,5,8,13,1,46,1
11,101,51,2,17,16,34,30,5,108,0
7,35,20,0,10,11,17,20,0,19,1
8,40,27,2,26,5,14,19,0,19,1
3,12,7,1,6,1,8,7,0,8,0
8,108,70,3,37,18,28,38,2,95,1
3,29,15,0,7,4,4,14,0,27,1
9,78,47,3,30,16,21,25,4,69,1
4,42,17,3,13,5,10,11,1,42,1
10,133,48,3,38,19,25,28,8,126,1
0,1,0,0,0,1,0,0,0,0,1
2,13,4,0,6,0,3,9,1,5,1
6,33,18,2,12,2,4,15,0,35,1
4,26,24,2,15,0,8,11,0,20,1
4,42,4,0,5,2,9,13,1,38,1
0,4,8,0,3,0,0,3,0,6,0
3,47,20,2,9,2,7,15,0,41,0
0,3,4,0,2,1,0,1,0,3,1
20,186,85,5,41,22,36,68,4,166,1
6,40,28,0,18,5,9,22,0,30,1
7,68,42,5,35,7,23,18,3,49,1
3,27,24,1,11,4,7,12,1,33,0
7,45,29,4,23,5,13,18,2,24,1
0,2,1,1,0,0,1,1,0,0,1
4,25,23,4,24,4,11,4,0,14,1
5,36,27,8,31,9,21,7,0,6,1
6,21,23,5,28,4,7,4,2,8,1
8,51,36,2,42,13,17,18,2,23,1
2,16,18,8,15,2,4,5,0,4,1
9,50,43,11,53,11,14,10,0,17,1
2,19,43,6,32,3,4,9,1,10,1
7,49,28,10,29,7,21,13,0,20,1
4,13,3,1,8,5,8,0,3,2,0
0,0,0,0,0,0,0,0,0,0,0
5,26,36,8,26,11,14,7,0,9,1
0,7,7,0,8,1,7,1,0,0,1
11,67,49,16,53,16,23,15,0,19,1
1,6,8,5,5,0,4,0,0,2,0
3,6,21,6,14,3,2,3,0,1,1
3,48,27,2,38,11,8,14,0,18,1
1,5,6,3,5,6,1,4,0,1,0
0,12,10,4,9,1,4,0,0,7,0
8,45,36,5,52,16,23,10,0,10,1
5,36,28,8,30,22,7,10,2,5,0
1,6,14,3,12,1,4,4,2,0,1
2,2,8,2,7,6,0,0,0,1,0
0,0,0,0,0,0,0,0,0,0,0
2,23,17,3,15,1,6,6,0,20,1
1,0,4,3,2,0,0,0,0,0,0
5,7,9,2,8,4,7,4,0,2,1
0,1,3,0,2,1,0,1,0,0,0
2,15,5,4,0,2,6,4,1,6,0
3,14,0,2,1,3,9,5,0,1,0
3,11,1,0,1,0,0,3,0,11,1
3,26,6,1,4,6,7,12,1,15,0
0,8,3,0,3,3,3,0,1,3,1
5,40,1,4,2,4,6,19,4,9,0
0,0,1,0,0,1,0,0,0,0,0
0,13,2,1,1,0,0,2,1,11,1
0,5,2,0,2,0,0,1,0,3,0
3,14,4,1,6,3,2,2,2,9,1
1,6,2,0,5,1,0,2,0,2,1
7,67,15,0,15,1,7,45,2,31,0
10,33,14,1,8,9,8,18,1,18,0
4,28,6,0,8,6,5,9,1,15,0
2,3,7,0,10,2,1,2,0,1,1
0,9,0,0,0,0,1,6,1,9,0
1,8,6,0,3,2,4,2,0,5,0
0,2,1,0,2,0,0,1,0,0,0
1,15,3,0,2,2,3,8,0,2,0
4,26,10,0,10,2,6,11,0,4,0
0,0,48,19,22,0,1,1,0,2,1
1,5,3,1,1,1,1,3,0,3,1
0,16,11,3,4,1,3,5,0,12,1
0,14,13,0,9,6,2,2,0,11,1
0,0,4,0,1,3,0,0,0,0,1
0,5,3,0,1,0,2,1,0,4,0
0,7,4,0,5,1,6,0,0,2,1
2,5,5,1,5,2,1,5,1,0,1
0,4,0,0,2,0,1,1,0,0,1
0,0,0,0,0,0,0,0,0,0,0
0,6,2,0,1,1,2,1,0,3,1
1,10,6,1,3,5,4,0,0,6,1
0,0,0,0,0,0,0,0,0,0,0
0,0,0,0,0,0,0,0,0,0,0
0,0,0,0,0,0,0,0,0,0,0
0,0,0,0,0,0,0,0,0,0,0
0,0,0,0,0,0,0,0,0,0,0
1,229,0,0,4,10,76,99,2,45,0
0,0,0,0,0,0,0,0,0,0,0
1,21,7,1,6,4,6,10,1,8,1
2,29,6,2,12,1,1,13,0,8,1
1,14,6,0,4,0,4,0,0,13,1
0,8,10,2,6,4,2,2,0,2,1
1,10,1,0,2,2,0,6,0,6,1
0,0,0,0,0,0,0,0,0,0,0
0,0,0,0,0,0,0,0,0,0,0
0,0,0,0,0,0,0,0,0,0,0
6,24,20,1,17,11,5,9,0,14,1
7,34,21,2,17,8,11,14,0,17,1
1,3,6,1,4,2,1,1,0,4,1
3,53,19,2,22,14,17,17,2,18,1
3,13,6,0,3,2,5,7,2,3,1
2,16,18,2,14,3,13,3,1,4,1
3,39,25,1,31,10,13,14,0,8,1
7,55,34,1,42,8,20,18,1,16,0
21,132,53,8,68,27,27,53,2,59,0
0,6,0,0,2,1,0,0,0,6,0
1,10,8,1,15,1,4,1,0,5,0
2,10,1,0,2,2,1,2,0,9,0
5,36,26,3,20,9,13,21,1,11,1
9,78,28,3,30,19,17,19,2,42,0
8,30,20,3,23,11,9,13,1,7,1
5,44,21,1,18,2,5,20,0,32,0
4,27,18,3,18,5,9,6,0,11,1
2,22,15,1,13,4,7,4,3,10,1
2,58,32,9,32,10,19,15,0,14,1
2,22,17,3,13,3,5,5,0,15,1
4,11,9,4,8,6,7,0,0,3,1
0,8,8,0,7,0,2,3,0,5,1
2,7,2,0,3,2,5,1,0,5,0
0,13,4,2,2,2,5,2,0,5,0
0,0,0,0,0,0,0,0,0,0,0
0,0,0,0,0,0,0,0,0,0,0
0,0,0,0,0,0,0,0,0,0,0
11,43,29,1,21,10,16,18,4,20,0
2,30,12,1,14,4,12,9,0,13,1
6,12,14,5,12,5,5,4,1,4,0
1,20,1,0,2,4,8,5,0,5,1
0,10,3,1,5,0,0,3,1,4,0
0,4,2,0,2,0,0,0,0,4,1
0,0,0,0,0,0,0,0,0,0,0
3,5,4,0,4,0,2,6,0,2,1
0,0,0,0,0,0,0,0,0,0,0
3,7,6,2,7,1,3,5,0,3,0
1,0,2,0,5,4,5,3,0,2,0
3,22,11,0,14,3,7,7,1,12,0
0,0,0,0,0,0,0,0,0,0,0
9,53,34,7,39,21,19,17,1,11,1
24,120,50,18,43,29,34,37,3,67,1
0,0,1,1,0,0,0,0,0,0,1
0,0,0,0,0,0,0,0,0,0,0
2,1,5,1,5,2,0,1,0,1,0
1,8,6,2,7,1,3,2,0,2,0
1,2,4,0,2,1,0,0,0,2,1
1,12,6,3,9,1,3,5,0,4,1
4,65,33,1,24,14,29,26,3,40,0
1,17,6,0,4,2,3,7,0,15,1
0,0,0,0,0,0,0,0,0,0,0
0,11,4,0,4,3,1,3,0,8,0
0,2,0,0,0,0,0,0,0,3,1
3,19,12,5,14,4,9,4,0,2,1
1,7,0,0,0,0,1,3,0,7,1
0,0,0,0,0,0,0,0,0,0,0
0,4,0,0,0,0,0,0,0,4,0
2,3,8,1,4,0,4,2,0,1,0
1,15,2,0,3,0,1,4,3,8,0
0,0,0,0,0,0,0,0,0,0,0
0,0,0,0,0,0,0,0,0,0,0
0,0,0,0,0,0,0,0,0,0,0
27,230,126,4,42,31,65,92,10,210,1
4,79,28,0,5,9,13,19,1,83,0
3,76,40,0,14,11,13,21,1,86,1
2,78,30,0,20,11,18,20,1,64,1
0,0,0,0,0,0,0,0,0,0,0
27,202,117,6,49,29,56,85,5,207,1
4,48,25,1,9,11,12,19,1,60,1
6,68,25,0,9,8,11,16,2,69,1
3,43,22,0,6,4,10,19,0,53,0
1,36,18,1,6,4,10,16,3,38,1
4,19,3,0,2,5,1,5,0,18,0
0,0,0,0,0,0,0,0,0,0,1
6,40,32,2,12,7,8,18,3,36,1
0,5,1,0,1,0,2,2,0,2,0
7,45,18,1,7,7,6,22,1,44,1
2,44,12,1,9,6,13,11,0,41,1
2,48,32,0,9,9,4,13,0,65,0
0,2,1,0,1,0,0,1,0,1,0
6,60,29,0,13,5,23,23,2,60,1
5,20,15,0,8,4,2,10,0,24,1
4,68,12,0,0,1,7,13,0,80,0
3,29,19,0,8,0,6,16,1,32,1
4,64,24,0,11,13,14,11,0,64,1
2,28,22,0,16,3,9,11,0,29,0
5,36,59,2,37,7,12,15,1,38,1
4,15,15,0,3,2,6,10,0,22,1
1,36,18,0,7,2,11,13,2,34,1
7,94,37,1,18,12,18,39,2,83,0
11,91,42,3,22,9,26,41,5,72,0
4,53,34,1,20,13,18,23,0,34,1
4,55,30,0,12,8,13,34,0,54,1
3,15,13,1,4,5,6,10,0,11,0
8,130,44,4,36,11,30,38,5,116,0
10,53,22,0,8,7,11,19,0,58,1
1,24,10,0,3,0,4,8,0,28,0
0,0,0,0,0,0,0,0,0,0,0
4,39,29,0,10,3,14,13,3,51,0
0,0,0,0,0,0,0,0,0,0,0
0,0,0,0,0,0,0,0,0,0,0
13,105,58,2,22,19,33,50,3,104,1
0,23,16,0,5,1,8,9,0,20,1
6,71,23,1,12,5,13,16,0,80,1
0,25,9,1,2,1,7,10,0,17,1
5,74,27,0,20,10,25,24,1,63,1
5,48,23,2,11,7,14,14,1,52,1
4,47,35,2,12,3,20,17,1,49,1
5,104,38,0,8,12,22,49,3,100,1
6,60,27,0,8,10,13,24,5,60,0
6,74,30,0,12,15,20,38,4,75,1
9,74,29,2,13,6,23,34,2,74,1
18,160,100,11,45,33,52,77,3,161,1
39,170,160,19,140,31,68,61,4,75,1
10,17,12,3,10,7,9,4,1,12,0
3,31,23,3,21,7,7,12,1,12,1
16,122,138,8,98,43,63,38,5,48,1
4,12,13,4,11,1,4,2,0,4,1
12,59,36,4,31,20,32,16,2,22,1
16,120,93,4,56,22,47,49,2,89,1
11,77,57,14,40,18,29,24,1,44,1
9,45,45,4,29,5,17,20,0,31,1
8,47,31,5,33,11,15,22,0,12,1
12,36,43,11,37,9,12,15,0,14,1
3,21,15,2,15,3,5,7,0,6,1
5,42,16,5,16,11,11,14,0,14,1
0,0,0,0,0,0,0,0,0,0,0
0,0,0,0,0,0,0,0,0,0,0
0,0,0,0,0,0,0,0,0,0,0
5,21,28,1,15,4,16,5,1,17,1
11,140,55,5,71,26,36,35,3,68,1
4,39,33,6,31,10,12,15,0,10,1
4,27,21,6,17,1,8,7,2,11,1
5,23,18,5,20,2,6,6,1,12,1
11,90,59,8,59,20,25,35,1,30,1
1,10,8,0,10,3,4,4,0,2,1
5,47,18,0,28,6,10,14,1,16,1
8,67,42,6,46,20,20,27,1,22,1
0,19,19,6,16,7,5,1,1,2,1
1,15,10,1,8,2,3,4,1,9,0
5,29,18,1,22,10,5,9,0,7,1
1,0,3,1,2,0,1,0,0,0,0
8,49,28,6,27,10,20,20,0,11,1
3,14,11,2,7,8,6,5,0,6,0
13,71,48,6,49,19,22,13,4,37,1
4,70,55,7,27,11,19,18,4,47,1
8,86,31,2,32,19,17,17,1,60,1
0,9,0,0,0,2,0,0,0,9,0
0,2,1,0,0,0,0,0,0,3,0
2,1,0,0,3,0,5,1,0,0,0
7,74,36,5,24,20,24,27,0,19,1
2,55,32,1,16,10,9,9,0,46,1
3,10,8,0,5,3,3,6,0,4,1
11,21,12,4,15,8,14,7,0,12,0
1,11,11,1,7,3,4,3,0,3,1
2,9,5,0,3,3,2,1,0,4,0
2,17,5,0,3,0,1,7,1,13,1
3,34,11,1,6,9,8,8,0,22,0
3,12,23,0,21,5,4,5,0,6,1
0,0,0,0,0,0,0,0,0,0,0
2,7,1,1,3,1,3,4,0,7,0
0,0,0,0,0,0,0,0,0,0,0
78,294,157,56,164,71,94,134,7,80,0
9,42,12,7,20,5,23,9,0,9,0
25,63,54,13,52,19,36,23,0,12,0
10,70,27,8,36,17,25,28,2,13,0
24,110,70,13,75,23,36,53,4,27,0
8,44,48,10,42,19,20,15,2,11,1
6,36,33,5,32,11,15,11,0,9,1
4,36,19,9,21,3,18,12,1,12,1
5,33,15,6,25,11,7,9,0,4,1
2,10,8,1,4,2,2,6,0,4,0
12,75,48,17,68,22,23,17,1,8,0
17,51,30,6,44,15,19,12,1,16,0
9,23,19,3,20,13,5,13,0,2,0
11,102,74,14,76,24,43,32,3,19,1
6,62,30,6,29,13,32,9,2,19,1
7,68,32,5,26,15,21,23,1,30,1
31,135,84,29,81,56,64,44,0,31,0
3,4,3,1,6,3,1,1,0,0,0
